-- phpMyAdmin SQL Dump
-- version 4.9.5deb2
-- https://www.phpmyadmin.net/
--
-- Hôte : localhost:3306
-- Généré le : mar. 04 jan. 2022 à 11:33
-- Version du serveur :  8.0.27-0ubuntu0.20.04.1
-- Version de PHP : 7.4.3

SET SQL_MODE = "NO_AUTO_VALUE_ON_ZERO";
SET AUTOCOMMIT = 0;
START TRANSACTION;
SET time_zone = "+00:00";


/*!40101 SET @OLD_CHARACTER_SET_CLIENT=@@CHARACTER_SET_CLIENT */;
/*!40101 SET @OLD_CHARACTER_SET_RESULTS=@@CHARACTER_SET_RESULTS */;
/*!40101 SET @OLD_COLLATION_CONNECTION=@@COLLATION_CONNECTION */;
/*!40101 SET NAMES utf8mb4 */;

--
-- Base de données : `alimenta`
--

-- --------------------------------------------------------

--
-- Structure de la table `client`
--

CREATE TABLE `client` (
  `id_client` int UNSIGNED NOT NULL,
  `name` varchar(30) NOT NULL,
  `prenom` varchar(200) DEFAULT NULL,
  `contact` int DEFAULT NULL
) ENGINE=InnoDB DEFAULT CHARSET=utf8mb4 COLLATE=utf8mb4_0900_ai_ci;

--
-- Déchargement des données de la table `client`
--

INSERT INTO `client` (`id_client`, `name`, `prenom`, `contact`) VALUES
(1, 'Bruno', 'Jeffrey', 9900000),
(2, 'Marion', 'Silvain', 9900001),
(3, 'Dulci', 'Kore', 9900002),
(4, 'Viviene', 'Welby', 9900003),
(5, 'Gerome', 'Farlay', 9900004),
(6, 'Malissia', 'Bucky', 9900005),
(7, 'Ginnie', 'Clerissa', 9900006),
(8, 'Alfy', 'Emyle', 9900007),
(9, 'Adele', 'Ham', 9900008),
(10, 'Bettye', 'Mufi', 9900009),
(11, 'Briggs', 'Olin', 9900010),
(12, 'Brian', 'Chrotoem', 9900011),
(13, 'Ottilie', 'Tybalt', 9900012),
(14, 'Urbano', 'Spike', 9900013),
(15, 'Bonni', 'Daniella', 9900014),
(16, 'Xerxes', 'Quintus', 9900015),
(17, 'Aimil', 'Linet', 9900016),
(18, 'Stefa', 'Woodman', 9900017),
(19, 'Brant', 'Lucais', 9900018),
(20, 'Rolph', 'Lewes', 9900019),
(21, 'Arden', 'Melvyn', 9900020),
(22, 'Bili', 'Durward', 9900021),
(23, 'Easter', 'Zuzana', 9900022),
(24, 'Robinette', 'Joannes', 9900023),
(25, 'Rasia', 'Julieta', 9900024),
(26, 'Tyson', 'Giff', 9900025),
(27, 'Jack', 'Cristie', 9900026),
(28, 'Darn', 'Morse', 9900027),
(29, 'Salomone', 'Jayne', 9900028),
(30, 'Seline', 'Woodrow', 9900029),
(31, 'Donaugh', 'Jeniece', 9900030),
(32, 'Therine', 'Brant', 9900031),
(33, 'Katherina', 'Isaac', 9900032),
(34, 'Perice', 'Carina', 9900033),
(35, 'Elysee', 'Romeo', 9900034),
(36, 'Delmor', 'Sterne', 9900035),
(37, 'Jennette', 'Tito', 9900036),
(38, 'Ellene', 'Fleur', 9900037),
(39, 'Kennett', 'Shellie', 9900038),
(40, 'Mady', 'Jeanne', 9900039),
(41, 'Lauritz', 'Haley', 9900040),
(42, 'Gibbie', 'Coretta', 9900041),
(43, 'Kaye', 'Goober', 9900042),
(44, 'Felice', 'Tann', 9900043),
(45, 'Janaya', 'Judye', 9900044),
(46, 'Erika', 'Casar', 9900045),
(47, 'Issy', 'Tatum', 9900046),
(48, 'Kelley', 'Cory', 9900047),
(49, 'Jamey', 'Corinna', 9900048),
(50, 'Beale', 'Conant', 9900049),
(51, 'Maryl', 'Linnea', 9900050),
(52, 'Ringo', 'Kennedy', 9900051),
(53, 'Leta', 'Gallagher', 9900052),
(54, 'Babette', 'Walliw', 9900053),
(55, 'Clyve', 'Yasmin', 9900054),
(56, 'Homere', 'Kendal', 9900055),
(57, 'Bettine', 'Merrilee', 9900056),
(58, 'Alla', 'Farrand', 9900057),
(59, 'Ximenez', 'Sher', 9900058),
(60, 'Parsifal', 'Irvin', 9900059),
(61, 'Rubie', 'Sarine', 9900060),
(62, 'Forrester', 'Leonardo', 9900061),
(63, 'Lilias', 'Kristian', 9900062),
(64, 'Rudy', 'Alisun', 9900063),
(65, 'Huberto', 'Shannen', 9900064),
(66, 'Adan', 'Kent', 9900065),
(67, 'Laurianne', 'Paloma', 9900066),
(68, 'Kincaid', 'Charles', 9900067),
(69, 'Frederico', 'Blondell', 9900068),
(70, 'Kristel', 'Merv', 9900069),
(71, 'Pinchas', 'Farleigh', 9900070),
(72, 'Cindi', 'Cacilia', 9900071),
(73, 'Tawsha', 'Joeann', 9900072),
(74, 'Lynne', 'Candi', 9900073),
(75, 'Almira', 'Yvette', 9900074),
(76, 'Nikaniki', 'Kiah', 9900075),
(77, 'Gabrielle', 'Goddard', 9900076),
(78, 'Rebeka', 'Carolus', 9900077),
(79, 'Chickie', 'Nichols', 9900078),
(80, 'Adamo', 'Floyd', 9900079),
(81, 'Helyn', 'Imojean', 9900080),
(82, 'Kassie', 'Sally', 9900081),
(83, 'Wilhelmina', 'Lotti', 9900082),
(84, 'Odele', 'Ahmad', 9900083),
(85, 'Phylys', 'Wilone', 9900084),
(86, 'Marve', 'Selestina', 9900085),
(87, 'Bennie', 'Thorin', 9900086),
(88, 'Lorette', 'Ronny', 9900087),
(89, 'Wilma', 'Constantina', 9900088),
(90, 'Morse', 'Kathi', 9900089),
(91, 'Reina', 'Milli', 9900090),
(92, 'Rubi', 'Herb', 9900091),
(93, 'Horatia', 'Milt', 9900092),
(94, 'Venita', 'Fran', 9900093),
(95, 'Granthem', 'Valentin', 9900094),
(96, 'Juline', 'Sarene', 9900095),
(97, 'Jenny', 'Nolly', 9900096),
(98, 'Peyton', 'Morten', 9900097),
(99, 'Karilynn', 'Ches', 9900098),
(100, 'Shannon', 'Ingeborg', 9900099),
(101, 'Jayne', 'Celisse', 9900100),
(102, 'Giff', 'Hector', 9900101),
(103, 'Gusta', 'Carmela', 9900102),
(104, 'Ammamaria', 'Edward', 9900103),
(105, 'Camile', 'Celestina', 9900104),
(106, 'Leon', 'Giselle', 9900105),
(107, 'Clarey', 'Chelsea', 9900106),
(108, 'Christiane', 'Tildie', 9900107),
(109, 'Dorri', 'Torey', 9900108),
(110, 'Sansone', 'Imelda', 9900109),
(111, 'Alfy', 'Kort', 9900110),
(112, 'Shanta', 'Fidelio', 9900111),
(113, 'Cly', 'Heddie', 9900112),
(114, 'Alvira', 'Kahlil', 9900113),
(115, 'Rip', 'Miles', 9900114),
(116, 'Arleyne', 'Elnore', 9900115),
(117, 'Eunice', 'Enrika', 9900116),
(118, 'Drew', 'Quint', 9900117),
(119, 'Rowan', 'Gwyn', 9900118),
(120, 'Ronnie', 'Wiatt', 9900119),
(121, 'Suzie', 'Austine', 9900120),
(122, 'Judye', 'Sigismondo', 9900121),
(123, 'Carlyn', 'Brier', 9900122),
(124, 'Donielle', 'Isadore', 9900123),
(125, 'Desdemona', 'Dougy', 9900124),
(126, 'Cesare', 'Adorne', 9900125),
(127, 'Huntlee', 'Myrlene', 9900126),
(128, 'Lianna', 'Tiffie', 9900127),
(129, 'Clarita', 'Banky', 9900128),
(130, 'Denni', 'Maible', 9900129),
(131, 'Burch', 'Isidoro', 9900130),
(132, 'Noelyn', 'Gunner', 9900131),
(133, 'Rebecca', 'Gilbert', 9900132),
(134, 'Cecilius', 'Adah', 9900133),
(135, 'Christy', 'Ian', 9900134),
(136, 'Alvina', 'Roy', 9900135),
(137, 'Madlin', 'Cathrine', 9900136),
(138, 'Peria', 'Alethea', 9900137),
(139, 'Morty', 'Julienne', 9900138),
(140, 'Rowe', 'Eadith', 9900139),
(141, 'Stillmann', 'Viviene', 9900140),
(142, 'Billy', 'Virge', 9900141),
(143, 'Niccolo', 'Avie', 9900142),
(144, 'Wittie', 'Joshia', 9900143),
(145, 'My', 'Arin', 9900144),
(146, 'Zollie', 'Delmore', 9900145),
(147, 'Ivar', 'Mirabelle', 9900146),
(148, 'Thurston', 'Almire', 9900147),
(149, 'Devlin', 'Wilow', 9900148),
(150, 'Shayla', 'Ilaire', 9900149),
(151, 'Kristopher', 'Chaddy', 9900150),
(152, 'Hortensia', 'Kimberley', 9900151),
(153, 'Suzette', 'Catlaina', 9900152),
(154, 'Kandy', 'Abbie', 9900153),
(155, 'Mattheus', 'Kerr', 9900154),
(156, 'Anselma', 'Jeramey', 9900155),
(157, 'Sasha', 'Hurley', 9900156),
(158, 'Ludovico', 'Brigitte', 9900157),
(159, 'Boycie', 'Bibbie', 9900158),
(160, 'Rochell', 'Shirl', 9900159),
(161, 'Mord', 'Bunni', 9900160),
(162, 'Coleman', 'Frederick', 9900161),
(163, 'Chauncey', 'Dorey', 9900162),
(164, 'Dannie', 'Fremont', 9900163),
(165, 'Elisabet', 'Sibyl', 9900164),
(166, 'Audry', 'Onida', 9900165),
(167, 'Arabel', 'Nydia', 9900166),
(168, 'Deck', 'Kissiah', 9900167),
(169, 'Andi', 'Micky', 9900168),
(170, 'Garland', 'Dulcinea', 9900169),
(171, 'Skyler', 'Abagail', 9900170),
(172, 'Kory', 'Findley', 9900171),
(173, 'Clemente', 'Kirstyn', 9900172),
(174, 'Emmey', 'Coralyn', 9900173),
(175, 'Alix', 'Immanuel', 9900174),
(176, 'Evvy', 'Mollee', 9900175),
(177, 'Trever', 'Joelie', 9900176),
(178, 'Romeo', 'Goran', 9900177),
(179, 'Eduino', 'Brew', 9900178),
(180, 'Garrek', 'Alano', 9900179),
(181, 'Marilin', 'Mufi', 9900180),
(182, 'Perry', 'Edi', 9900181),
(183, 'Lou', 'Candy', 9900182),
(184, 'Starlin', 'Kip', 9900183),
(185, 'Loydie', 'Solly', 9900184),
(186, 'Jarrad', 'Tabbatha', 9900185),
(187, 'Bale', 'Lissi', 9900186),
(188, 'Fiorenze', 'Colas', 9900187),
(189, 'Conchita', 'Patrica', 9900188),
(190, 'Rouvin', 'Danice', 9900189),
(191, 'Leona', 'Gratiana', 9900190),
(192, 'Bertram', 'Stevie', 9900191),
(193, 'Leroy', 'Lorna', 9900192),
(194, 'Jereme', 'Leon', 9900193),
(195, 'Peirce', 'Diandra', 9900194),
(196, 'Ambrosi', 'Aguste', 9900195),
(197, 'Jill', 'Stanly', 9900196),
(198, 'Randi', 'Sybila', 9900197),
(199, 'Carter', 'Nedda', 9900198),
(200, 'Noemi', 'Micah', 9900199);

-- --------------------------------------------------------

--
-- Structure de la table `commande`
--

CREATE TABLE `commande` (
  `id_commande` int UNSIGNED NOT NULL,
  `libellé` varchar(255) NOT NULL,
  `caracteristique` text,
  `quantité` varchar(155) NOT NULL,
  `id_client` int UNSIGNED NOT NULL,
  `id_produit` int UNSIGNED NOT NULL
) ENGINE=InnoDB DEFAULT CHARSET=utf8mb3;

--
-- Déchargement des données de la table `commande`
--

INSERT INTO `commande` (`id_commande`, `libellé`, `caracteristique`, `quantité`, `id_client`, `id_produit`) VALUES
(1, 'Buccaneer, The', 'Staff Scientist', '97', 182, 176),
(2, 'Battle Circus', 'Financial Advisor', '45', 3, 195),
(3, 'Family Tree', 'Biostatistician I', '39', 94, 178),
(4, 'Tyler Perry\'s Madea\'s Witness Protection', 'Programmer I', '16', 1, 144),
(5, 'eXistenZ', 'Staff Accountant III', '70', 23, 107),
(6, 'Gamera vs. Barugon', 'Programmer III', '53', 73, 136),
(7, 'Blue Bird, The', 'Research Associate', '70', 22, 95),
(8, 'Sleeping Car Murder, The (Compartiment tueurs)', 'Research Nurse', '61', 198, 103),
(9, 'Monsieur Lazhar', 'Senior Developer', '32', 78, 157),
(10, 'One and Only, The (Eneste ene, Den)', 'Teacher', '20', 139, 131),
(11, 'Fallen Art (Sztuka spadania)', 'Senior Editor', '55', 60, 173),
(12, 'Silent Action', 'Budget/Accounting Analyst III', '82', 63, 132),
(13, 'Full House (O. Henry\'s Full House)', 'Graphic Designer', '37', 52, 103),
(14, 'One Sunday Afternoon', 'Budget/Accounting Analyst II', '9', 84, 99),
(15, 'Veronica Mars', 'Assistant Manager', '9', 118, 197),
(16, 'First Man, The (Le Premier Homme)', 'Safety Technician I', '82', 54, 47),
(17, '7 Virgins (7 vírgenes)', 'Senior Editor', '9', 132, 154),
(18, 'Stille nacht', 'Structural Engineer', '6', 129, 25),
(19, 'Escape to Athena', 'Geologist IV', '96', 53, 28),
(20, 'Time Stood Still (Il tempo si è fermato)', 'Physical Therapy Assistant', '23', 90, 56),
(21, 'Life Is Beautiful (La Vita è bella)', 'Civil Engineer', '53', 24, 102),
(22, 'Satan\'s Sword (Daibosatsu tôge)', 'Design Engineer', '40', 117, 174),
(23, 'Last Life in the Universe (Ruang rak noi nid mahasan)', 'Professor', '34', 104, 56),
(24, 'Picture Perfect', 'Senior Quality Engineer', '63', 186, 170),
(25, 'Safe Conduct (Laissez-Passer)', 'Database Administrator III', '20', 167, 177),
(26, 'Wild Guitar', 'Senior Editor', '84', 15, 69),
(27, 'Weight of the Nation', 'Geologist I', '6', 159, 154),
(28, 'Apt Pupil', 'Assistant Media Planner', '44', 43, 12),
(29, 'Echelon Conspiracy', 'Registered Nurse', '41', 25, 104),
(30, 'Love Bug, The', 'Recruiting Manager', '32', 95, 85),
(31, 'Son in Law', 'Administrative Officer', '90', 4, 120),
(32, 'Tumbleweeds', 'Director of Sales', '75', 123, 153),
(33, 'Romero', 'Sales Representative', '84', 96, 146),
(34, 'Lay of the Land, The', 'VP Marketing', '69', 113, 36),
(35, 'Living Will...', 'Structural Engineer', '85', 105, 163),
(36, 'It\'s Alive III: Island of the Alive', 'Budget/Accounting Analyst IV', '82', 34, 191),
(37, 'Carless Love', 'Design Engineer', '88', 50, 182),
(38, 'Holy Land, The', 'Human Resources Manager', '72', 77, 125),
(39, 'Thin Blue Lie, The', 'Account Executive', '79', 90, 56),
(40, 'Red Eye', 'Help Desk Technician', '7', 10, 187),
(41, 'Torso', 'Professor', '82', 87, 185),
(42, 'The Hour of the Lynx', 'Research Assistant I', '32', 172, 101),
(43, 'The Pacific', 'Developer II', '73', 193, 158),
(44, 'Barbary Coast Gent (Gold Town) (Honest Thief, The)', 'Assistant Media Planner', '97', 150, 126),
(45, 'Joint Security Area (Gongdong gyeongbi guyeok JSA)', 'Geologist II', '82', 150, 64),
(46, 'Atomic Submarine, The', 'Electrical Engineer', '31', 34, 29),
(47, 'Dangerous Ground', 'Project Manager', '32', 45, 184),
(48, 'Only the Lonely', 'Senior Financial Analyst', '25', 112, 28),
(49, 'Woman Always Pays, The (Afgrunden) (Abyss, The)', 'Engineer II', '56', 70, 63),
(50, 'Gloriously Wasted', 'Payment Adjustment Coordinator', '94', 19, 126),
(51, 'Letter, The (La lettre)', 'Analyst Programmer', '53', 116, 39),
(52, 'Fallen, The', 'Computer Systems Analyst I', '88', 189, 176),
(53, 'Prizefighter and the Lady, The', 'Librarian', '93', 162, 57),
(54, 'Body Snatchers', 'Biostatistician II', '10', 29, 91),
(55, 'No Strings Attached', 'Staff Scientist', '25', 157, 160),
(56, 'Leonard Part 6', 'Research Assistant III', '26', 103, 124),
(57, 'After Tiller', 'Desktop Support Technician', '13', 29, 70),
(58, 'Little Voice', 'Information Systems Manager', '86', 136, 180),
(59, 'Street Thief', 'VP Marketing', '7', 9, 118),
(60, 'Star Wreck: In the Pirkinning', 'Quality Control Specialist', '49', 153, 189),
(61, 'Death in the Garden (Mort en ce jardin, La)', 'Staff Accountant III', '48', 136, 33),
(62, 'My Brother Tom', 'Legal Assistant', '100', 96, 55),
(63, 'Woman, The', 'Administrative Officer', '77', 164, 140),
(64, 'Pontypool', 'VP Accounting', '38', 165, 122),
(65, 'Kings of Summer, The', 'Pharmacist', '78', 123, 3),
(66, 'La Rabbia', 'Design Engineer', '32', 151, 92),
(67, 'Captain Blood', 'General Manager', '89', 2, 14),
(68, 'Amazon Jack 2: The Movie Star (a.k.a. Hugo the Movie Star) (Jungledyret 2 - den store filmhelt)', 'Account Coordinator', '9', 197, 36),
(69, 'Phantoms', 'Director of Sales', '41', 75, 181),
(70, 'Stalag Luft', 'Developer I', '23', 165, 28),
(71, 'Bio-Dome', 'Desktop Support Technician', '47', 187, 171),
(72, 'Antique (Sayangkoldong yangkwajajeom aentikeu)', 'VP Marketing', '100', 155, 132),
(73, 'The Secret Country: The First Australians Fight Back', 'Product Engineer', '37', 170, 58),
(74, 'They Call Me Renegade', 'Software Test Engineer II', '38', 175, 200),
(75, 'On the Ice', 'Research Associate', '16', 16, 47),
(76, 'Evocateur: The Morton Downey Jr. Movie', 'Analyst Programmer', '46', 69, 159),
(77, 'Intimate Enemies (L\'ennemi intime)', 'Desktop Support Technician', '66', 56, 65),
(78, 'Drumline', 'Desktop Support Technician', '71', 47, 85),
(79, 'Fat People (Gordos)', 'Engineer III', '60', 142, 2),
(80, 'No Holds Barred', 'Associate Professor', '33', 168, 172),
(81, 'My Father and My Son (Babam ve oglum)', 'Health Coach IV', '60', 196, 101),
(82, 'Clerks', 'Structural Engineer', '95', 17, 29),
(83, 'S.O.S. Coast Guard', 'Financial Analyst', '19', 98, 18),
(84, 'Jackass 2.5', 'Senior Financial Analyst', '93', 87, 179),
(85, 'Breaking Point, The', 'Dental Hygienist', '91', 21, 187),
(86, 'Closer to the Moon', 'Food Chemist', '18', 119, 172),
(87, 'Hustlers, The (Veijarit)', 'VP Product Management', '88', 46, 173),
(88, 'Final Countdown, The', 'Senior Quality Engineer', '98', 136, 108),
(89, 'Weddings and Babies ', 'Librarian', '43', 55, 3),
(90, 'Spring Breakers', 'Help Desk Technician', '37', 175, 174),
(91, 'Rocket, The', 'Structural Analysis Engineer', '54', 115, 124),
(92, 'Chastity Bites', 'Help Desk Technician', '35', 73, 64),
(93, 'Hatchet for the Honeymoon (Rosso segno della follia, Il)', 'Accounting Assistant III', '83', 45, 149),
(94, 'Good Woman, A', 'Environmental Tech', '26', 190, 127),
(95, 'A mí las mujeres ni fu ni fa', 'Product Engineer', '23', 73, 176),
(96, 'Small Town, The (a.k.a. The Town) (Kasaba)', 'Software Test Engineer I', '57', 136, 71),
(97, 'Dragon Ball: The Path to Power (Doragon bôru: Saikyô e no michi)', 'Electrical Engineer', '36', 199, 36),
(98, 'Tesseract, The', 'Computer Systems Analyst III', '37', 138, 42),
(99, 'Anna Madelina (Ngon na ma dak lin na)', 'Safety Technician I', '59', 78, 29),
(100, 'Cool, Dry Place, A', 'Web Designer IV', '41', 143, 74),
(101, 'Broken Hearts Club, The', 'Software Consultant', '96', 161, 110),
(102, 'Cellular', 'Administrative Assistant III', '28', 103, 5),
(103, 'Sweet November', 'Chemical Engineer', '20', 1, 85),
(104, 'Five Children and It', 'Accounting Assistant II', '13', 30, 117),
(105, 'T-Men', 'Project Manager', '88', 16, 110),
(106, 'Puppetmaster, The (Xi meng ren sheng)', 'Media Manager IV', '67', 179, 186),
(107, 'Last Seduction II, The', 'Financial Advisor', '28', 185, 23),
(108, 'Everything I Can See From Here', 'Financial Advisor', '89', 143, 96),
(109, 'The Butterfly Effect', 'Tax Accountant', '9', 18, 68),
(110, 'Boy in Blue, The', 'Health Coach IV', '50', 62, 182),
(111, 'Elephant Man, The', 'Environmental Specialist', '31', 184, 3),
(112, 'Let It Be', 'Senior Financial Analyst', '47', 10, 173),
(113, 'Suicide Kings', 'Recruiter', '25', 59, 171),
(114, 'Muppet Movie, The', 'Developer II', '51', 64, 116),
(115, 'Eight Miles High (Das wilde Leben)', 'VP Product Management', '95', 58, 191),
(116, 'Marion Bridge', 'General Manager', '12', 35, 94),
(117, 'Haaveiden kehä', 'Environmental Specialist', '22', 112, 139),
(118, 'Man on High Heels', 'VP Product Management', '54', 161, 178),
(119, 'Brassed Off', 'Programmer Analyst IV', '71', 135, 92),
(120, 'Yertle the Turtle and Other Stories', 'Safety Technician I', '91', 136, 113),
(121, 'Against The Sun', 'Software Consultant', '42', 164, 196),
(122, 'Hatfields & McCoys', 'VP Marketing', '64', 115, 24),
(123, 'Cheetah', 'Legal Assistant', '84', 162, 173),
(124, 'In July (Im Juli)', 'Assistant Media Planner', '67', 134, 79),
(125, 'Abominable Dr. Phibes, The', 'Electrical Engineer', '40', 37, 83),
(126, 'Bedknobs and Broomsticks', 'Account Coordinator', '98', 130, 12),
(127, 'Wonderland', 'Geological Engineer', '29', 197, 98),
(128, 'Deciduous Tree (Tree Without Leaves) (Rakuyôju)', 'Account Coordinator', '39', 17, 40),
(129, 'X-Files: Fight the Future, The', 'Recruiter', '74', 119, 63),
(130, 'Svengali', 'Database Administrator II', '39', 184, 165),
(131, 'Kairat', 'Accountant IV', '49', 87, 102),
(132, 'Laramie Project, The', 'VP Quality Control', '79', 84, 21),
(133, 'Maniac', 'Cost Accountant', '70', 115, 87),
(134, 'Police Academy 3: Back in Training', 'Registered Nurse', '44', 24, 89),
(135, 'Underworld', 'Web Developer II', '87', 144, 54),
(136, 'Midnight', 'Statistician IV', '50', 199, 51),
(137, 'Kestrel\'s Eye (Falkens öga)', 'Quality Control Specialist', '83', 163, 28),
(138, 'Price Check', 'Account Coordinator', '71', 105, 30),
(139, 'Spiritual Kung Fu (Quan jing)', 'Desktop Support Technician', '86', 184, 190),
(140, 'Mortel transfert', 'Operator', '53', 72, 142),
(141, 'Trances', 'Compensation Analyst', '91', 122, 38),
(142, 'House on Haunted Hill', 'Executive Secretary', '78', 68, 90),
(143, 'V/H/S/2', 'Physical Therapy Assistant', '63', 160, 199),
(144, 'Jingle All the Way 2', 'Senior Sales Associate', '70', 89, 52),
(145, 'County Teacher, The (Venkovský ucitel)', 'Data Coordiator', '63', 98, 185),
(146, 'Wings of the Dove, The', 'Executive Secretary', '13', 22, 46),
(147, 'Hoodlum', 'Project Manager', '43', 169, 125),
(148, 'Angel in My Pocket', 'Assistant Professor', '9', 62, 36),
(149, 'Thing with Two Heads, The', 'Research Nurse', '59', 70, 79),
(150, 'Zero Day', 'Help Desk Operator', '56', 133, 191),
(151, 'I Think We\'re Alone Now', 'Business Systems Development Analyst', '44', 89, 78),
(152, 'Turin Horse, The (A Torinói ló)', 'Web Developer III', '6', 55, 49),
(153, 'The Moromete Family', 'Software Engineer III', '49', 124, 51),
(154, 'Hostel', 'Health Coach IV', '85', 130, 144),
(155, 'Hope Floats', 'Budget/Accounting Analyst II', '17', 85, 85),
(156, 'Frostbitten (Frostbiten)', 'Structural Engineer', '52', 123, 63),
(157, 'Librarian: Return to King Solomon\'s Mines, The', 'Environmental Specialist', '100', 9, 63),
(158, 'Heartburn', 'Associate Professor', '44', 22, 141),
(159, 'Balloonatic, The', 'Chief Design Engineer', '15', 173, 87),
(160, 'The Joy of Living', 'Web Designer II', '100', 144, 52),
(161, 'Come Undone (Cosa voglio di più)', 'Physical Therapy Assistant', '96', 179, 107),
(162, 'Girl from Monaco, The (fille de Monaco, La)', 'Human Resources Assistant IV', '21', 128, 71),
(163, 'Hello Again', 'Professor', '50', 10, 14),
(164, 'Safety Not Guaranteed', 'Payment Adjustment Coordinator', '78', 89, 14),
(165, 'Bandits', 'Paralegal', '66', 26, 44),
(166, 'Pickup on South Street', 'Research Nurse', '20', 48, 180),
(167, 'Kauwboy', 'VP Sales', '63', 122, 194),
(168, 'Back in the Day', 'Technical Writer', '65', 33, 131),
(169, 'WNUF Halloween Special', 'Operator', '26', 118, 153),
(170, 'Dead Birds', 'Nurse Practicioner', '78', 123, 103),
(171, 'Gunga Din', 'Structural Analysis Engineer', '55', 127, 111),
(172, 'Inauguration of the Pleasure Dome', 'Automation Specialist I', '18', 188, 75),
(173, 'Benchwarmers, The', 'Chemical Engineer', '57', 35, 69),
(174, 'Camp X-Ray', 'Director of Sales', '59', 78, 127),
(175, 'Girl on the Bridge, The (Fille sur le pont, La)', 'Chief Design Engineer', '39', 62, 138),
(176, 'Resident Evil', 'Software Test Engineer IV', '88', 199, 55),
(177, 'Never Let Me Go', 'Librarian', '83', 188, 172),
(178, 'Visions of Europe', 'Environmental Tech', '9', 70, 161),
(179, 'Jin Roh: The Wolf Brigade (Jin-Rô)', 'Research Assistant I', '96', 70, 8),
(180, 'Education of Little Tree, The', 'Accountant II', '71', 182, 69),
(181, 'Winter Sleepers (Winterschläfer)', 'Account Representative I', '69', 73, 30),
(182, 'Comedy Central Roast of Bob Saget', 'Environmental Specialist', '69', 128, 30),
(183, 'Pajeczarki', 'Staff Scientist', '49', 200, 53),
(184, 'Camille Claudel 1915', 'Occupational Therapist', '9', 107, 9),
(185, 'Born to Be Wild', 'Executive Secretary', '72', 68, 51),
(186, 'Armed and Dangerous', 'Recruiter', '87', 147, 59),
(187, 'Bad Men of Missouri', 'Accountant II', '46', 78, 18),
(188, 'Unlikely Weapon, An', 'Web Designer IV', '96', 172, 184),
(189, 'Black Roses ', 'Analog Circuit Design manager', '45', 24, 42),
(190, 'Welfare', 'Paralegal', '29', 100, 6),
(191, 'Three Resurrected Drunkards (Kaette kita yopparai)', 'Engineer I', '52', 50, 108),
(192, 'Pearls and Pigs (Helmiä ja sikoja)', 'Accountant III', '15', 63, 87),
(193, 'Planet of Dinosaurs', 'Structural Engineer', '59', 36, 194),
(194, 'Jetsons: The Movie', 'Accountant III', '25', 86, 83),
(195, 'Sgt. Pepper\'s Lonely Hearts Club Band', 'Structural Engineer', '40', 160, 121),
(196, 'Kill Your Darlings', 'Health Coach IV', '100', 127, 89),
(197, 'Signal, The', 'Internal Auditor', '79', 59, 62),
(198, 'Proposal, The', 'Sales Representative', '75', 196, 192),
(199, 'Home of Dark Butterflies, The (Tummien perhosten koti)', 'Programmer Analyst III', '62', 31, 192),
(200, 'Midnight Cowboy', 'Project Manager', '24', 42, 96),
(201, 'Onion Field, The', 'Senior Sales Associate', '61', 115, 188),
(202, 'Inhale', 'Community Outreach Specialist', '6', 63, 89),
(203, 'International, The', 'Accountant I', '7', 59, 17),
(204, 'Agnes Browne', 'Geological Engineer', '58', 17, 141),
(205, 'Slap Shot 2: Breaking the Ice', 'Analog Circuit Design manager', '6', 113, 122),
(206, 'Fiend with the Electronic Brain (Blood of Ghastly Horror)', 'Payment Adjustment Coordinator', '22', 91, 167),
(207, 'Gleason', 'Web Developer III', '6', 145, 132),
(208, 'Ice Bound', 'Clinical Specialist', '24', 164, 191),
(209, 'Crime Wave', 'Project Manager', '77', 191, 155),
(210, 'Johnny Eager', 'Tax Accountant', '26', 188, 64),
(211, 'Marvin Gaye: What\'s Going On', 'Product Engineer', '45', 163, 160),
(212, 'Rollerball', 'Civil Engineer', '100', 156, 164),
(213, 'Vääpeli Körmy ja marsalkan sauva', 'Accounting Assistant III', '33', 169, 21),
(214, 'This Is the End', 'Account Executive', '95', 37, 113),
(215, 'Owning Mahowny', 'Quality Control Specialist', '42', 90, 62),
(216, 'Dragon Ball GT: A Hero\'s Legacy (Doragon bôru GT: Gokû gaiden! Yûki no akashi wa sû-shin-chû)', 'Director of Sales', '35', 55, 13),
(217, 'The Boy Next Door', 'Research Nurse', '77', 147, 199),
(218, 'Stepmom', 'Junior Executive', '36', 30, 127),
(219, 'Babadook, The', 'GIS Technical Architect', '54', 103, 184),
(220, 'Pudana Last of the Line (Sukunsa viimeinen)', 'Analog Circuit Design manager', '52', 3, 85),
(221, 'Little Rascals, The', 'Human Resources Manager', '6', 10, 67),
(222, 'Samson and Delilah', 'Analyst Programmer', '22', 86, 40),
(223, 'Notebook, The (A nagy füzet)', 'Operator', '16', 26, 118),
(224, 'Heaven Can Wait', 'Senior Sales Associate', '87', 34, 190),
(225, 'Brother\'s Keeper', 'Administrative Assistant II', '98', 80, 147),
(226, 'Newton Boys, The', 'Health Coach I', '16', 93, 11),
(227, 'Night of the Comet', 'VP Marketing', '59', 65, 85),
(228, 'Northanger Abbey', 'Physical Therapy Assistant', '57', 94, 72),
(229, 'Devil Came on Horseback, The', 'Developer I', '34', 47, 70),
(230, 'American Vagabond', 'VP Product Management', '46', 175, 60),
(231, 'Santitos', 'Financial Analyst', '50', 19, 164),
(232, 'Hardball', 'Administrative Assistant I', '87', 168, 45),
(233, 'Hornets\' Nest', 'Editor', '55', 178, 42),
(234, 'Terminal USA', 'Senior Financial Analyst', '74', 36, 100),
(235, 'Triple Cross', 'Senior Sales Associate', '52', 160, 53),
(236, 'Violent Saturday', 'Speech Pathologist', '89', 88, 171),
(237, 'Only the Young', 'Chief Design Engineer', '68', 15, 106),
(238, '8:46', 'Web Developer III', '40', 46, 187),
(239, 'Devils, The', 'Internal Auditor', '23', 97, 7),
(240, 'Killing Us Softly 3', 'Registered Nurse', '49', 186, 49),
(241, 'Forgetting the Girl', 'Accounting Assistant III', '15', 36, 166),
(242, 'Prodigal Son, The (Tuhlaajapoika)', 'Developer III', '69', 172, 129),
(243, 'Kinyarwanda', 'Accountant I', '5', 8, 175),
(244, 'Emmett\'s Mark', 'Payment Adjustment Coordinator', '39', 7, 21),
(245, 'Black Beauty', 'Administrative Assistant IV', '40', 7, 67),
(246, 'Fool for Love', 'Environmental Tech', '66', 135, 172),
(247, '1939: Hollywood\'s Greatest Year', 'Actuary', '60', 140, 107),
(248, 'Popeye', 'Editor', '45', 71, 192),
(249, 'Street Thief', 'Account Executive', '19', 95, 103),
(250, 'Boys Next Door, The', 'Human Resources Manager', '25', 180, 26),
(251, 'Le Week-End', 'Help Desk Technician', '88', 56, 148),
(252, 'Napoleon and Samantha', 'Administrative Officer', '22', 182, 15),
(253, 'These Final Hours', 'Pharmacist', '76', 18, 186),
(254, 'Low Down Dirty Shame, A', 'Financial Advisor', '61', 129, 103),
(255, '18 Again!', 'VP Quality Control', '86', 59, 172),
(256, 'A Master Builder', 'VP Quality Control', '27', 144, 157),
(257, 'Jonathan Livingston Seagull', 'Payment Adjustment Coordinator', '93', 128, 164),
(258, 'Croupier', 'Help Desk Operator', '88', 74, 96),
(259, 'Amazing Journey: The Story of The Who', 'Biostatistician II', '45', 175, 77),
(260, 'The Golden Cage', 'Chemical Engineer', '45', 170, 183),
(261, 'Whiteout', 'Nuclear Power Engineer', '50', 112, 176),
(262, 'Singapore Sling (Singapore sling: O anthropos pou agapise ena ptoma)', 'Environmental Specialist', '15', 59, 29),
(263, 'Adventures of Food Boy, The (aka High School Superhero)', 'Automation Specialist II', '57', 144, 158),
(264, 'Gate of Hell (Jigokumon)', 'Assistant Media Planner', '27', 152, 57),
(265, 'Looking for Richard', 'Analog Circuit Design manager', '80', 149, 102),
(266, 'Exhibition', 'Senior Developer', '37', 113, 167),
(267, 'About Time', 'Project Manager', '100', 76, 125),
(268, 'Castle Freak', 'Marketing Assistant', '43', 3, 18),
(269, 'Calamity Jane', 'Software Consultant', '47', 47, 33),
(270, 'Celtic Pride', 'General Manager', '72', 179, 192),
(271, 'Spy Who Came in from the Cold, The', 'Analog Circuit Design manager', '86', 101, 148),
(272, 'Coast of Death', 'Database Administrator IV', '68', 88, 70),
(273, 'Tom Segura: Completely Normal', 'Account Coordinator', '77', 111, 57),
(274, 'Show Me Love (Fucking Åmål)', 'General Manager', '88', 187, 95),
(275, 'Ernest Goes to Africa', 'Account Executive', '74', 113, 166),
(276, 'Hysteria', 'Quality Engineer', '13', 191, 199),
(277, 'Only the Strong Survive - A Celebration of Soul', 'Computer Systems Analyst IV', '90', 171, 143),
(278, 'Green Dolphin Street', 'Internal Auditor', '71', 132, 98),
(279, 'Spider-Man', 'Legal Assistant', '47', 99, 138),
(280, 'Dom Hemingway', 'Senior Financial Analyst', '43', 163, 23),
(281, 'Opportunity Knocks', 'Chief Design Engineer', '7', 92, 122),
(282, 'Rocky II', 'Recruiter', '7', 181, 12),
(283, 'Meteor', 'VP Sales', '84', 190, 92),
(284, 'Walker', 'Marketing Manager', '75', 144, 46),
(285, 'Apocalypto', 'VP Marketing', '30', 26, 171),
(286, 'Last Run', 'Project Manager', '23', 31, 106),
(287, 'Man\'s Best Friend', 'Database Administrator I', '27', 60, 140),
(288, 'Bride Flight', 'Teacher', '44', 82, 194),
(289, 'The Big Bus', 'Community Outreach Specialist', '67', 164, 99),
(290, 'Seeking a Friend for the End of the World', 'Speech Pathologist', '94', 155, 103),
(291, 'En på miljonen', 'Systems Administrator I', '95', 132, 107),
(292, 'Macario', 'Marketing Manager', '31', 7, 175),
(293, 'Beer for My Horses', 'Human Resources Assistant IV', '52', 34, 104),
(294, 'Bullitt', 'Sales Associate', '64', 32, 70),
(295, 'War, The', 'Electrical Engineer', '45', 131, 73),
(296, 'Restaurant', 'Social Worker', '75', 123, 120),
(297, 'Two Women', 'Chief Design Engineer', '61', 177, 69),
(298, 'Money for Nothing', 'Marketing Assistant', '36', 116, 4),
(299, 'MVP: Most Valuable Primate', 'Computer Systems Analyst IV', '24', 157, 149),
(300, 'Heavy Petting', 'Web Developer IV', '59', 74, 69),
(301, 'Gospa', 'Assistant Manager', '22', 144, 47),
(302, 'First Family', 'Media Manager II', '73', 86, 94),
(303, 'Wreckers', 'Software Engineer I', '92', 3, 49),
(304, 'Cluny Brown', 'Marketing Assistant', '72', 96, 43),
(305, 'Michael Shayne: Private Detective', 'Associate Professor', '85', 140, 189),
(306, 'Ennui, L\'', 'VP Accounting', '52', 159, 142),
(307, 'Life Without Dick', 'Desktop Support Technician', '52', 167, 67),
(308, 'Most Dangerous Game, The', 'Senior Developer', '62', 189, 125),
(309, 'Shanghai Dreams (Qing hong)', 'Assistant Media Planner', '79', 192, 31),
(310, 'Half Moon Street', 'Media Manager I', '28', 4, 190),
(311, 'Sunlight Jr.', 'Pharmacist', '35', 45, 58),
(312, 'Shaolin Temple (Shao Lin si)', 'Quality Engineer', '32', 57, 171),
(313, 'Race', 'Sales Representative', '43', 114, 103),
(314, 'Conquest, The (La conquête)', 'VP Sales', '59', 28, 58),
(315, 'We\'re Not Dressing', 'Physical Therapy Assistant', '22', 105, 48),
(316, 'Fireflies in the Garden', 'Analyst Programmer', '74', 95, 196),
(317, 'Taistelu Näsilinnasta 1918', 'Tax Accountant', '36', 163, 118),
(318, 'Cat\'s-Paw, The', 'Sales Associate', '98', 44, 174),
(319, 'Backfire', 'Editor', '100', 50, 25),
(320, 'Balzac and the Little Chinese Seamstress (Xiao cai feng)', 'Senior Financial Analyst', '66', 137, 44),
(321, 'Ride in the Whirlwind', 'Help Desk Operator', '9', 164, 196),
(322, 'Haute Cuisine', 'Electrical Engineer', '50', 200, 21),
(323, 'Head Over Heels', 'Product Engineer', '66', 37, 8),
(324, 'Green Butchers, The (Grønne slagtere, De)', 'Software Engineer IV', '98', 126, 9),
(325, 'Transit', 'Actuary', '42', 101, 41),
(326, 'Awful Dr. Orlof, The (Gritos en la Noche)', 'Analog Circuit Design manager', '53', 31, 153),
(327, 'Zombie and the Ghost Train (Zombie ja Kummitusjuna)', 'Media Manager III', '92', 127, 77),
(328, 'Russell Brand: Messiah Complex', 'Legal Assistant', '63', 103, 103),
(329, 'Blood on the Moon', 'Mechanical Systems Engineer', '79', 18, 44),
(330, 'Balkan Spy (Balkanski spijun)', 'Analyst Programmer', '23', 58, 92),
(331, 'Borgman', 'Occupational Therapist', '92', 101, 135),
(332, 'Killing Floor, The', 'Business Systems Development Analyst', '37', 100, 84),
(333, 'Hadewijch', 'Engineer I', '61', 127, 158),
(334, 'Short Film About John Bolton, A', 'Dental Hygienist', '64', 129, 25),
(335, 'Sir Arne\'s Treasure', 'Quality Engineer', '12', 151, 123),
(336, 'Little Criminals', 'Sales Representative', '82', 19, 39),
(337, 'American Loser (Trainwreck: My Life as an Idiot)', 'Assistant Professor', '74', 14, 142),
(338, 'Seven Years in Tibet', 'Help Desk Technician', '86', 23, 160),
(339, 'Slackers', 'Editor', '66', 155, 187),
(340, 'Details, The', 'Recruiter', '10', 32, 57),
(341, 'Last Stop for Paul', 'Accounting Assistant IV', '57', 56, 18),
(342, 'Angel-A', 'Food Chemist', '34', 137, 48),
(343, 'That\'s Life!', 'Office Assistant II', '90', 144, 89),
(344, 'Impact', 'Technical Writer', '86', 109, 69),
(345, 'Michael', 'Food Chemist', '22', 134, 59),
(346, 'Hands on a Hard Body', 'Executive Secretary', '9', 85, 123),
(347, 'Gangs of New York', 'Professor', '30', 32, 75),
(348, 'Don\'t Say a Word', 'VP Sales', '12', 15, 101),
(349, 'In Praise of Love (Éloge de l\'amour)', 'Health Coach IV', '87', 98, 102),
(350, 'Everyday Sunshine:  The Story of Fishbone', 'Geologist I', '72', 13, 74),
(351, 'My Dog Skip', 'Sales Representative', '98', 74, 97),
(352, 'Ginger and Fred (Ginger e Fred)', 'Community Outreach Specialist', '96', 80, 96),
(353, 'Return to the 36th Chamber (Shao Lin da peng da shi) ', 'Junior Executive', '68', 111, 188),
(354, 'Blue Spring (Aoi haru)', 'Account Executive', '26', 148, 16),
(355, 'Show Me', 'Tax Accountant', '55', 126, 156),
(356, 'Switching Channels', 'Senior Quality Engineer', '68', 82, 4),
(357, 'Gentlemen of Fortune (Dzhentlmeny udachi)', 'Financial Advisor', '65', 37, 146),
(358, 'Town & Country', 'Software Engineer IV', '89', 4, 21),
(359, 'Red Baron, The (Der rote Baron)', 'Tax Accountant', '56', 165, 17),
(360, 'Stranger on the Prowl (Imbarco a mezzanotte)', 'Editor', '32', 170, 11),
(361, 'Kiss Me Goodbye', 'Chief Design Engineer', '7', 44, 101),
(362, 'Rowing with the Wind (Remando al viento)', 'VP Quality Control', '97', 126, 83),
(363, 'Mark Twain', 'Human Resources Assistant II', '61', 161, 113),
(364, 'Bloodstone: Subspecies II', 'Compensation Analyst', '61', 177, 171),
(365, 'Summer of \'42', 'Office Assistant III', '47', 63, 87),
(366, 'Words, The', 'Software Engineer II', '69', 76, 35),
(367, 'Daughters of Darkness (Les lèvres rouges)', 'Chemical Engineer', '51', 60, 4),
(368, 'Get on the Bus', 'Structural Analysis Engineer', '58', 47, 193),
(369, 'Nuremberg', 'VP Marketing', '79', 123, 108),
(370, 'Offside', 'Account Coordinator', '27', 107, 24),
(371, 'Tere Naam', 'Desktop Support Technician', '78', 31, 149),
(372, 'Waiting Women (Kvinnors väntan)', 'Senior Financial Analyst', '46', 126, 183),
(373, 'Kein Bund für\'s Leben', 'VP Accounting', '40', 26, 12),
(374, 'Eyes of Laura Mars', 'Media Manager IV', '58', 40, 122),
(375, 'Linewatch', 'Human Resources Manager', '30', 146, 7),
(376, 'Two Deaths', 'Staff Scientist', '28', 31, 165),
(377, 'Camille Rewinds', 'Assistant Manager', '86', 78, 19),
(378, 'Tale of Tales (Skazka skazok)', 'Mechanical Systems Engineer', '64', 125, 196),
(379, 'Sharpe\'s Battle', 'Structural Analysis Engineer', '94', 118, 150),
(380, 'Up in the Wind', 'Mechanical Systems Engineer', '93', 100, 13),
(381, 'Angela\'s Ashes', 'Research Associate', '34', 35, 59),
(382, 'Detention', 'Human Resources Assistant IV', '32', 127, 106),
(383, 'Accused, The', 'Junior Executive', '30', 29, 94),
(384, 'Pit and the Pendulum, The', 'Speech Pathologist', '71', 22, 24),
(385, 'Wilbur Wants to Kill Himself', 'Legal Assistant', '41', 185, 146),
(386, 'Two if by Sea', 'Computer Systems Analyst III', '72', 123, 107),
(387, 'Mr. Lucky', 'Accountant III', '100', 65, 190),
(388, 'To Be Takei', 'Health Coach IV', '86', 69, 146),
(389, 'Woman Always Pays, The (Afgrunden) (Abyss, The)', 'Database Administrator III', '28', 14, 93),
(390, 'Dr. Jekyll and Mr. Hyde', 'Help Desk Operator', '28', 29, 194),
(391, 'Trust', 'Occupational Therapist', '43', 21, 27),
(392, 'Thirst for Love, The (Ai no kawaki)', 'Junior Executive', '65', 139, 192),
(393, 'Convict 13', 'VP Sales', '24', 5, 99),
(394, 'Euridice BA 2O37 (Evridiki BA 2O37)', 'Community Outreach Specialist', '39', 97, 86),
(395, 'Naked Gun 33 1/3: The Final Insult', 'Senior Quality Engineer', '74', 161, 178),
(396, 'Three Resurrected Drunkards (Kaette kita yopparai)', 'Legal Assistant', '7', 169, 122),
(397, 'Two Mules for Sister Sara', 'Accountant III', '90', 117, 59),
(398, 'Crashing', 'Software Consultant', '99', 148, 131),
(399, 'Elvis and Anabelle', 'VP Product Management', '61', 80, 176),
(400, 'Sammy and Rosie Get Laid', 'Assistant Media Planner', '19', 17, 192),
(401, 'Jane Eyre', 'VP Marketing', '93', 80, 56),
(402, 'Time to Kill, A', 'Editor', '44', 14, 128),
(403, 'Dragon Lord (a.k.a. Dragon Strike) (Long Xiao Ye)', 'Assistant Professor', '12', 192, 135),
(404, 'Global Metal', 'Graphic Designer', '8', 82, 57),
(405, 'Last Mogul, The', 'Financial Advisor', '50', 132, 129),
(406, 'County Teacher, The (Venkovský ucitel)', 'Help Desk Technician', '30', 59, 23),
(407, 'Way You Wanted Me, The (Sellaisena kuin sinä minut halusit)', 'Marketing Manager', '31', 62, 97),
(408, 'Dinner, The (Cena, La)', 'Help Desk Technician', '96', 138, 161),
(409, 'Confetti', 'Senior Editor', '99', 114, 51),
(410, 'Marriage Italian Style (Matrimonio all\'italiana)', 'Senior Developer', '40', 108, 37),
(411, 'Something\'s Gonna Live', 'Senior Cost Accountant', '20', 169, 47),
(412, 'Sherlock Jr.', 'Actuary', '81', 66, 136),
(413, 'Night Court', 'Programmer Analyst I', '19', 139, 108),
(414, 'Apartment Zero', 'Administrative Assistant III', '8', 51, 191),
(415, 'Spend It All', 'Software Engineer III', '22', 137, 185),
(416, 'Silk', 'Nurse', '24', 153, 199),
(417, 'Tales from the Script', 'Financial Advisor', '64', 126, 135),
(418, 'Dead Man\'s Burden', 'Environmental Specialist', '56', 163, 125),
(419, 'For the Love of Movies', 'Geologist III', '61', 100, 139),
(420, 'Sex and Fury (Furyô anego den: Inoshika Ochô)', 'Database Administrator III', '65', 18, 166),
(421, 'Samurai (Samourais)', 'Financial Advisor', '77', 183, 8),
(422, 'Spanish Apartment, The (L\'auberge espagnole)', 'General Manager', '18', 90, 127),
(423, 'Elementary Particles, The (Elementarteilchen)', 'Account Coordinator', '51', 31, 119),
(424, 'Rise of Catherine the Great, The', 'Environmental Specialist', '60', 113, 86),
(425, '13B', 'Design Engineer', '27', 66, 7),
(426, 'Killers', 'Assistant Manager', '94', 111, 146),
(427, 'Maria\'s Lovers', 'Administrative Assistant II', '5', 16, 19),
(428, 'Forever Mine', 'Internal Auditor', '52', 187, 178),
(429, 'Q', 'Help Desk Operator', '18', 81, 27),
(430, 'Star Trek III: The Search for Spock', 'Web Developer I', '82', 97, 71),
(431, 'Punks', 'Staff Scientist', '36', 32, 196),
(432, 'Pollyanna', 'Business Systems Development Analyst', '98', 134, 108),
(433, 'Birds of America', 'Assistant Professor', '11', 41, 52),
(434, 'Average Italian', 'Food Chemist', '88', 196, 196),
(435, 'We Are Marshall', 'Actuary', '52', 111, 73),
(436, 'Black & White & Sex', 'Software Engineer II', '15', 17, 3),
(437, 'Starship Troopers 3: Marauder', 'Executive Secretary', '92', 63, 5),
(438, 'And Nobody Weeps for Me (Und keiner weint mir nach)', 'Assistant Media Planner', '90', 183, 49),
(439, 'Werewolf, The', 'Pharmacist', '98', 101, 83),
(440, 'Liar Liar', 'Developer IV', '78', 72, 161),
(441, 'Saw VII 3D - The Final Chapter', 'Operator', '69', 63, 60),
(442, 'Night of the Comet', 'Actuary', '90', 165, 41),
(443, 'Naked Man, The', 'Structural Engineer', '86', 52, 142),
(444, 'Zatoichi\'s Vengeance (Zatôichi no uta ga kikoeru) (Zatôichi 13)', 'Administrative Assistant II', '43', 170, 144),
(445, 'There\'s Something Wrong with Aunt Diane', 'Design Engineer', '80', 106, 6),
(446, 'Rush', 'Media Manager III', '52', 155, 132),
(447, 'Stash House', 'Payment Adjustment Coordinator', '22', 73, 194),
(448, 'Bird of Paradise', 'Legal Assistant', '43', 73, 141),
(449, 'Happiness Is a Warm Blanket, Charlie Brown', 'Developer II', '81', 46, 134),
(450, 'The Hatchet Man', 'Chief Design Engineer', '22', 78, 165),
(451, 'Devil Inside, The', 'Paralegal', '27', 105, 40),
(452, 'Cherry', 'Account Representative I', '22', 147, 17),
(453, 'Marriage Retreat', 'VP Accounting', '81', 21, 50),
(454, 'Army of Shadows (L\'armée des ombres)', 'Junior Executive', '17', 198, 124),
(455, 'Forklift Driver Klaus: The First Day on the Job', 'Compensation Analyst', '40', 111, 160),
(456, 'Love Jones', 'Social Worker', '83', 123, 159),
(457, 'Breathing Room', 'Marketing Assistant', '20', 42, 98),
(458, 'Blitz', 'Quality Control Specialist', '64', 78, 22),
(459, 'Flesh and Bone', 'Health Coach II', '9', 153, 77),
(460, 'Jack Frost', 'Teacher', '26', 39, 162),
(461, 'The Distance', 'Biostatistician III', '77', 39, 200),
(462, 'Mr. Thank You (Arigatô-san)', 'Software Engineer III', '53', 26, 200),
(463, 'Lady and the Reaper, The (Dama y la muerte, La)', 'Sales Associate', '78', 178, 52),
(464, 'Balzac and the Little Chinese Seamstress (Xiao cai feng)', 'Civil Engineer', '31', 128, 123),
(465, 'High Hopes', 'Analyst Programmer', '8', 86, 7),
(466, 'Live Free or Die', 'Financial Advisor', '15', 111, 29),
(467, 'Perfect Murder, The', 'Teacher', '47', 180, 39),
(468, 'High Hopes', 'VP Accounting', '40', 188, 119),
(469, 'You Don\'t Know Jack', 'Operator', '22', 69, 31),
(470, 'Silent Sonata', 'Recruiting Manager', '14', 190, 167),
(471, 'City Dark, The', 'Internal Auditor', '60', 103, 74),
(472, 'Way Back, The', 'Chief Design Engineer', '79', 192, 114),
(473, 'Absent (Ausente)', 'Geological Engineer', '42', 177, 191),
(474, 'How I Ended This Summer (Kak ya provyol etim letom)', 'Software Consultant', '100', 69, 30),
(475, 'Battle for Marjah, The', 'General Manager', '79', 142, 127),
(476, '40 Guns to Apache Pass', 'Payment Adjustment Coordinator', '17', 94, 188),
(477, 'Pigs and Battleships (Hogs and Warships) (The Flesh Is Hot) (Buta to gunkan)', 'Director of Sales', '92', 6, 72),
(478, 'All the Boys Love Mandy Lane', 'Sales Associate', '27', 120, 151),
(479, 'Running On Karma (Daai Zek Lou)', 'Director of Sales', '20', 80, 193),
(480, 'Garden of Eden, The', 'Social Worker', '70', 104, 99),
(481, 'They Call Me Renegade', 'Senior Developer', '45', 22, 20),
(482, 'Waco: A New Revelation', 'Design Engineer', '63', 26, 171),
(483, 'Wanderlust', 'Recruiter', '64', 133, 166),
(484, 'Radioland Murders', 'Occupational Therapist', '96', 7, 111),
(485, 'American Pie Presents Beta House (American Pie 6: Beta House)', 'Software Engineer IV', '61', 36, 7),
(486, 'Gang Related', 'Assistant Professor', '69', 129, 32),
(487, '4th Floor, The', 'Health Coach I', '38', 26, 124),
(488, 'Time Without Pity', 'Media Manager I', '15', 41, 87),
(489, 'Saint Laurent', 'Software Test Engineer IV', '50', 143, 67),
(490, 'Boy Who Could Fly, The', 'Budget/Accounting Analyst I', '86', 34, 100),
(491, 'Power of Nightmares, The: The Rise of the Politics of Fear', 'Media Manager III', '87', 133, 125),
(492, 'Concrete Night (Betoniyö)', 'Paralegal', '55', 91, 73),
(493, 'This Ain\'t California', 'Marketing Manager', '97', 22, 59),
(494, 'Gathering, The', 'Account Coordinator', '77', 12, 96),
(495, 'Circle, The', 'Senior Cost Accountant', '74', 33, 136),
(496, 'Adaptation', 'Senior Quality Engineer', '80', 183, 57),
(497, 'Ridicule', 'Account Coordinator', '83', 6, 27),
(498, 'I Was a Teenage Zombie', 'Tax Accountant', '43', 169, 188),
(499, 'Siddhartha', 'Software Engineer IV', '54', 104, 59),
(500, 'Express, The', 'Accountant III', '92', 104, 92),
(501, 'Spaced Invaders', 'Assistant Media Planner', '41', 151, 178),
(502, 'California Solo', 'Actuary', '67', 183, 158),
(503, 'Situation, The', 'Paralegal', '70', 96, 34),
(504, 'Latitude Zero (Ido zero daisakusen)', 'Staff Scientist', '30', 20, 31),
(505, 'Pontiac Moon', 'Civil Engineer', '87', 85, 172),
(506, 'Soloalbum', 'Web Developer II', '46', 9, 34),
(507, 'London Boulevard', 'Research Assistant II', '64', 44, 179),
(508, 'Thunder Soul', 'Senior Quality Engineer', '60', 84, 86),
(509, 'Loving', 'Business Systems Development Analyst', '25', 94, 71),
(510, 'Journey to the West: Conquering the Demons (Daai wa sai you chi Chui mo chun kei)', 'Assistant Professor', '6', 47, 89),
(511, 'The Key', 'Technical Writer', '73', 179, 54),
(512, 'Killing Season', 'Actuary', '64', 173, 113),
(513, 'Grbavica: The Land of My Dreams (Grbavica)', 'Marketing Assistant', '99', 82, 85),
(514, 'The Mark of Cain', 'Senior Editor', '71', 13, 102),
(515, 'Island of the Burning Damned (Night of the Big Heat)', 'Environmental Specialist', '34', 16, 50),
(516, 'Princess and the Pony', 'Analyst Programmer', '67', 170, 53),
(517, 'Bonaerense, El', 'Senior Developer', '68', 40, 157),
(518, 'Dr. Jekyll and Mr. Hyde', 'Nurse', '21', 82, 88),
(519, 'Farsan', 'Account Representative I', '40', 195, 112),
(520, 'Kenny Begins', 'Junior Executive', '27', 60, 50),
(521, 'Duel in the Sun', 'Financial Analyst', '28', 129, 183),
(522, 'Hunger Games, The', 'Professor', '36', 200, 161),
(523, 'Attack of the Puppet People', 'Business Systems Development Analyst', '15', 112, 74),
(524, 'Stuart Little 2', 'Research Assistant I', '83', 115, 195),
(525, 'Koumiko Mystery, The (Mystère Koumiko, Le)', 'Professor', '55', 102, 54),
(526, 'Lathe of Heaven, The', 'Structural Analysis Engineer', '78', 75, 85),
(527, 'Flipped', 'Associate Professor', '95', 147, 54),
(528, '3 A.M.', 'Accounting Assistant II', '64', 95, 165),
(529, 'Jamesy Boy', 'VP Marketing', '59', 165, 161),
(530, 'In Enemy Hands', 'Senior Sales Associate', '23', 125, 9),
(531, 'Romper Stomper', 'Paralegal', '5', 134, 178),
(532, 'Blackbird, The', 'Chief Design Engineer', '64', 178, 198),
(533, 'Mutant Chronicles', 'Assistant Media Planner', '41', 37, 141),
(534, 'Love Song for Bobby Long, A', 'Actuary', '100', 187, 192),
(535, 'Sinbad and the Eye of the Tiger', 'Structural Engineer', '43', 135, 75),
(536, 'Riviera', 'VP Quality Control', '96', 195, 140),
(537, 'Made in Dagenham', 'Software Consultant', '51', 97, 68),
(538, 'Cabin Fever 2: Spring Fever', 'Environmental Specialist', '80', 52, 77),
(539, 'Rush', 'Assistant Manager', '61', 82, 99),
(540, 'Lower Depths, The (Donzoko)', 'Senior Quality Engineer', '76', 150, 69),
(541, 'Desire', 'VP Accounting', '30', 114, 108),
(542, 'Moon', 'Compensation Analyst', '46', 84, 151),
(543, 'America, America', 'Internal Auditor', '85', 111, 24),
(544, 'Into the Storm', 'Chief Design Engineer', '74', 37, 85),
(545, 'Red Army', 'Analog Circuit Design manager', '62', 11, 130),
(546, 'War, The', 'Help Desk Technician', '59', 92, 166),
(547, 'Less of Sugar (Cheeni Kum)', 'Automation Specialist II', '91', 24, 145),
(548, 'Blow Job', 'Web Designer IV', '84', 21, 62),
(549, 'The Violent Enemy', 'Recruiting Manager', '98', 55, 135),
(550, 'Liberation of L.B. Jones, The', 'Desktop Support Technician', '35', 147, 187),
(551, 'Charlie Victor Romeo', 'Registered Nurse', '5', 62, 129),
(552, 'Thesis on a Homicide', 'Human Resources Manager', '88', 35, 29),
(553, 'Purple Ball, The (Lilovyy shar)', 'Geologist I', '33', 55, 135),
(554, 'The Hunting Ground', 'Editor', '86', 185, 61),
(555, 'Cost of Living, The (Le coût de la vie)', 'Budget/Accounting Analyst I', '25', 180, 27),
(556, 'Dakota', 'Human Resources Assistant I', '17', 6, 83),
(557, 'Rosetta', 'Operator', '100', 58, 85),
(558, 'Pluto\'s Christmas Tree', 'Senior Financial Analyst', '7', 55, 4),
(559, 'Orfeu', 'VP Quality Control', '27', 80, 116),
(560, 'No Reservations', 'Computer Systems Analyst I', '62', 71, 39),
(561, 'Angel-A', 'Registered Nurse', '52', 67, 97),
(562, 'My Girl', 'Software Consultant', '87', 78, 126),
(563, 'Time of the Wolf, The (Le temps du loup)', 'Research Associate', '92', 123, 58),
(564, 'Her', 'Budget/Accounting Analyst III', '90', 26, 24),
(565, 'Matador, The', 'Accounting Assistant IV', '19', 173, 155),
(566, 'Battleship', 'Senior Financial Analyst', '81', 109, 132),
(567, 'Centurion', 'Staff Scientist', '25', 69, 191),
(568, 'Man Who Never Was, The', 'Nuclear Power Engineer', '93', 67, 6),
(569, 'Infidel, The', 'Physical Therapy Assistant', '16', 20, 67),
(570, 'Sonny Boy', 'Staff Accountant II', '20', 167, 127),
(571, 'Steep', 'Business Systems Development Analyst', '71', 81, 24),
(572, 'Road to Wellville, The', 'Nuclear Power Engineer', '50', 56, 133),
(573, 'Dying Young', 'Software Consultant', '89', 106, 172),
(574, 'Man Who Saw Tomorrow, The', 'Information Systems Manager', '9', 173, 41),
(575, 'Jerk, The', 'Chief Design Engineer', '87', 9, 2),
(576, 'October Baby', 'Dental Hygienist', '38', 158, 89),
(577, 'Sahara', 'Pharmacist', '52', 123, 123),
(578, 'Daylight', 'Editor', '70', 86, 146),
(579, 'Kippur', 'Senior Quality Engineer', '99', 1, 155),
(580, 'Rabbit Hole', 'Financial Analyst', '18', 146, 42),
(581, 'Patriots, The (Patriotes, Les)', 'Database Administrator I', '81', 60, 129),
(582, 'Hamlet (Gamlet)', 'Statistician II', '25', 47, 19),
(583, 'Youth of the Son', 'Graphic Designer', '85', 124, 186),
(584, 'Christmas Carol, A', 'Cost Accountant', '49', 135, 85),
(585, 'Kill Me Now', 'Internal Auditor', '36', 2, 143),
(586, 'Yrrol: An Enormously Well Thought Out Movie (Yrrol - en kolossalt genomtänkt film)', 'Recruiter', '80', 21, 133),
(587, 'Roaring Twenties, The', 'Media Manager III', '18', 191, 82),
(588, 'Hot Millions', 'Actuary', '8', 192, 81),
(589, 'Detachment', 'Social Worker', '31', 117, 189),
(590, 'Burn! (Queimada)', 'Technical Writer', '57', 192, 62),
(591, 'S.O.S. Coast Guard', 'Software Consultant', '57', 171, 19),
(592, 'Darling Lili', 'Help Desk Operator', '96', 73, 74),
(593, 'Drop Zone', 'Research Assistant I', '57', 2, 134),
(594, 'Desperation', 'Compensation Analyst', '98', 130, 40),
(595, 'Urusei Yatsura Movie 2: Beautiful Dreamer (Urusei Yatsura 2: Byûtifuru dorîmâ)', 'Internal Auditor', '41', 165, 92),
(596, 'Codependent Lesbian Space Alien Seeks Same', 'Physical Therapy Assistant', '80', 16, 200),
(597, 'Weekender', 'Sales Representative', '34', 85, 95),
(598, 'The Longest Week', 'Cost Accountant', '44', 162, 145),
(599, 'Wackness, The', 'Automation Specialist IV', '53', 93, 130),
(600, 'Rain Man', 'Staff Scientist', '24', 129, 106),
(601, 'Kid Millions', 'Office Assistant IV', '7', 159, 104),
(602, 'Devil\'s Own, The', 'Cost Accountant', '74', 133, 183),
(603, 'Nadine', 'Teacher', '41', 72, 26),
(604, 'Toy, The (Le jouet)', 'Nuclear Power Engineer', '51', 124, 73),
(605, 'Keys to Tulsa', 'Nurse', '51', 51, 12),
(606, 'Feast at Midnight, A', 'Information Systems Manager', '96', 154, 79),
(607, 'Frequently Asked Questions About Time Travel', 'Developer IV', '82', 192, 125),
(608, 'Courage of the Eagles, The (Les aiguilles rouges)', 'Geological Engineer', '90', 112, 106),
(609, 'Decoys 2: Alien Seduction ', 'Quality Control Specialist', '7', 153, 171),
(610, 'Enforcer, The', 'Product Engineer', '87', 8, 183),
(611, 'Blow Out', 'Speech Pathologist', '65', 188, 30),
(612, 'Wipers Times, The', 'Analog Circuit Design manager', '36', 118, 108),
(613, 'Below', 'Senior Sales Associate', '58', 108, 23),
(614, 'Zombies of the Stratosphere', 'Pharmacist', '62', 107, 184),
(615, 'My Kingdom', 'Staff Accountant IV', '77', 141, 133),
(616, 'Undefeated, The', 'Senior Editor', '43', 59, 134),
(617, 'Night of the Lepus', 'Developer I', '64', 139, 136),
(618, 'Bangkok Dangerous', 'Software Test Engineer IV', '36', 88, 124),
(619, 'Hangin\' with the Homeboys', 'Structural Analysis Engineer', '25', 181, 171),
(620, 'Corporation, The', 'Professor', '93', 191, 20),
(621, 'Hiding Out', 'Design Engineer', '43', 20, 194),
(622, 'Fire in the Blood', 'Information Systems Manager', '64', 5, 189),
(623, 'Herbie: Fully Loaded', 'Executive Secretary', '94', 16, 172),
(624, 'Ce que mes yeux ont vu', 'Software Engineer I', '28', 53, 84),
(625, 'Much Ado About Something', 'Research Assistant IV', '46', 94, 177),
(626, 'Recipes for Disaster', 'Senior Sales Associate', '67', 110, 74),
(627, 'Terrace, The (Terrazza, La)', 'Community Outreach Specialist', '18', 151, 21),
(628, 'Crossroads', 'Chief Design Engineer', '68', 19, 6),
(629, 'Pandora\'s Box (Büchse der Pandora, Die)', 'Programmer Analyst I', '60', 120, 74),
(630, 'Lucie Aubrac', 'Product Engineer', '54', 40, 46),
(631, 'Swing', 'Quality Control Specialist', '49', 67, 59),
(632, 'Pokémon the Movie: White - Victini and Zekrom', 'Nurse Practicioner', '42', 120, 102),
(633, 'Home of the Brave', 'Sales Associate', '37', 156, 168),
(634, 'Trust Us, This Is All Made Up', 'Graphic Designer', '83', 39, 69),
(635, 'Surviving Christmas', 'Human Resources Assistant IV', '12', 40, 14),
(636, 'Lust for Life', 'Payment Adjustment Coordinator', '46', 182, 47),
(637, 'Sorrow and Joy (Sorg og glæde)', 'Project Manager', '50', 6, 168),
(638, 'Hangar 18', 'Biostatistician IV', '18', 80, 195),
(639, 'Man on Wire', 'Mechanical Systems Engineer', '36', 74, 3),
(640, 'Rejs', 'Nuclear Power Engineer', '86', 154, 117),
(641, 'Fear of a Black Hat', 'Administrative Assistant I', '43', 134, 66),
(642, 'Who Is Killing the Great Chefs of Europe?', 'Food Chemist', '43', 96, 200),
(643, 'Short Cuts', 'Design Engineer', '18', 162, 181),
(644, 'Ideal Husband, An', 'Director of Sales', '63', 120, 160),
(645, 'Jumping the Broom', 'Data Coordiator', '74', 26, 51),
(646, 'Uncle Boonmee Who Can Recall His Past Lives (Loong Boonmee raleuk chat)', 'Chief Design Engineer', '11', 123, 192),
(647, 'Tout ce qui brille', 'Food Chemist', '85', 80, 139),
(648, 'Micmacs (Micmacs à tire-larigot)', 'Financial Advisor', '11', 150, 162),
(649, 'Nightmares', 'Administrative Officer', '66', 80, 111),
(650, 'American Friends', 'VP Product Management', '19', 96, 109),
(651, 'Horse Feathers', 'Software Engineer IV', '95', 180, 162),
(652, 'Sex and Death 101', 'VP Quality Control', '50', 150, 155),
(653, 'Chase, The', 'Graphic Designer', '16', 127, 82),
(654, 'Capture of Bigfoot, The', 'Safety Technician II', '58', 42, 63),
(655, 'Zozo', 'Software Test Engineer II', '7', 187, 192),
(656, 'Haunting of Molly Hartley, The', 'Senior Developer', '100', 197, 147),
(657, 'Joe Gould\'s Secret', 'Media Manager I', '32', 137, 195),
(658, 'The Damned', 'VP Accounting', '82', 30, 27),
(659, 'Factory, The', 'Assistant Media Planner', '90', 66, 88),
(660, 'Don\'t Look Now', 'Structural Analysis Engineer', '61', 109, 53),
(661, 'Hotel Very Welcome', 'Quality Control Specialist', '46', 145, 59),
(662, 'Few Good Men, A', 'Biostatistician IV', '42', 192, 122),
(663, 'Ellie Parker', 'Help Desk Operator', '55', 164, 113),
(664, 'Zulu Dawn', 'Civil Engineer', '49', 61, 25),
(665, 'Joy Ride', 'Occupational Therapist', '36', 123, 142),
(666, 'Return to Snowy River (a.k.a. The Man From Snowy River II)', 'Financial Advisor', '27', 100, 4),
(667, 'Billu', 'Speech Pathologist', '100', 116, 70),
(668, 'Shoulder Arms', 'Assistant Manager', '47', 183, 158),
(669, 'Misérables, Les', 'Information Systems Manager', '23', 77, 170),
(670, 'Butterfly on a Wheel (Shattered)', 'Marketing Manager', '64', 198, 94),
(671, 'Ruins, The', 'General Manager', '93', 67, 169),
(672, 'Match Factory Girl, The (Tulitikkutehtaan tyttö)', 'Structural Engineer', '21', 198, 40),
(673, 'Black Peter (Cerný Petr)', 'Database Administrator I', '17', 167, 79),
(674, 'Sea of Grass, The', 'Technical Writer', '34', 38, 44),
(675, 'The Oscar', 'Clinical Specialist', '85', 154, 138),
(676, 'Snapshot', 'Occupational Therapist', '92', 25, 48),
(677, 'Lovers & Leavers (Kuutamolla)', 'Teacher', '76', 176, 93),
(678, 'Deadly Advice', 'Assistant Media Planner', '31', 28, 136),
(679, 'Babylon 5: A Call to Arms', 'Software Test Engineer I', '40', 159, 81),
(680, 'Two Thousand Maniacs!', 'Executive Secretary', '81', 16, 17),
(681, 'Coupe de Ville', 'Structural Analysis Engineer', '10', 102, 19),
(682, 'Favor, The', 'Nuclear Power Engineer', '91', 131, 124),
(683, 'Munyurangabo', 'VP Marketing', '19', 117, 77),
(684, 'Weekend at Bernie\'s II', 'Research Associate', '64', 114, 175),
(685, 'Songcatcher', 'Project Manager', '73', 42, 146),
(686, 'To the Limit (Am Limit)', 'Administrative Officer', '67', 89, 1),
(687, 'Silence of the Lambs, The', 'Automation Specialist IV', '31', 112, 51),
(688, 'Street Trash', 'Account Executive', '44', 149, 20),
(689, 'A Short History of Decay', 'Operator', '76', 181, 111),
(690, 'Cry Wolf', 'Graphic Designer', '49', 81, 174),
(691, 'Palo Alto', 'Electrical Engineer', '70', 108, 35),
(692, 'World of Apu, The (Apur Sansar)', 'Project Manager', '77', 180, 166),
(693, 'My Best Enemy (Mi mejor enemigo)', 'Professor', '93', 175, 65),
(694, 'Rooster\'s Breakfast (Petelinji zajtrk)', 'Geologist II', '84', 119, 199),
(695, 'Hounds, The', 'GIS Technical Architect', '57', 166, 116),
(696, 'Rocky Balboa', 'VP Accounting', '37', 103, 138),
(697, 'New Best Friend', 'Senior Financial Analyst', '93', 10, 33),
(698, 'Fright', 'Financial Analyst', '19', 128, 89),
(699, 'Starstruck', 'Developer IV', '81', 61, 5),
(700, 'Hobbit: The Desolation of Smaug, The', 'Assistant Media Planner', '16', 197, 80),
(701, 'Ridicule', 'Research Assistant III', '8', 47, 86),
(702, 'Russian Roulette', 'Help Desk Technician', '29', 162, 76),
(703, 'Boy Culture', 'Design Engineer', '9', 46, 60),
(704, 'Rock-a-Bye Baby', 'VP Quality Control', '10', 157, 137),
(705, 'Benny & Joon', 'Design Engineer', '85', 16, 196),
(706, 'Manic', 'Clinical Specialist', '74', 133, 193),
(707, 'Matinee', 'Analog Circuit Design manager', '9', 18, 196),
(708, 'Macbeth (a.k.a. Tragedy of Macbeth, The)', 'Geological Engineer', '86', 138, 120),
(709, 'Two Lives (Zwei Leben)', 'GIS Technical Architect', '52', 66, 192),
(710, 'Son of Kong, The', 'Teacher', '55', 102, 117),
(711, 'Diabolique', 'Assistant Professor', '46', 79, 120),
(712, 'The Photographer', 'Pharmacist', '100', 55, 30),
(713, 'Detachment', 'Legal Assistant', '73', 179, 60),
(714, 'Thieves (Voleurs, Les)', 'Business Systems Development Analyst', '32', 164, 193),
(715, 'Key of Life (Kagi-dorobô no mesoddo)', 'Product Engineer', '21', 87, 80),
(716, 'Vampire Bat, The', 'VP Product Management', '57', 124, 157),
(717, 'Balseros (Cuban Rafters)', 'Electrical Engineer', '25', 167, 144),
(718, 'Oklahoma Kid, The', 'Clinical Specialist', '41', 9, 42),
(719, '5th Musketeer, The (a.k.a. Fifth Musketeer, The)', 'Structural Analysis Engineer', '61', 182, 68),
(720, 'Outlaw Blues', 'Structural Analysis Engineer', '39', 134, 99),
(721, 'Jungle Creature: Hugo, The (Jungledyret) (Go Hugo Go)', 'Health Coach IV', '36', 194, 112),
(722, 'Regeneration', 'Office Assistant IV', '54', 134, 97),
(723, 'Inn in Tokyo, An (Tôkyô no yado)', 'General Manager', '83', 33, 27),
(724, 'Booker\'s Place: A Mississippi Story', 'Cost Accountant', '81', 146, 99),
(725, 'River of No Return', 'Analog Circuit Design manager', '64', 29, 84),
(726, 'Princess Ka\'iulani', 'Chemical Engineer', '82', 96, 38),
(727, 'Wackiest Ship in the Army, The', 'Analog Circuit Design manager', '49', 67, 21),
(728, 'Pajama Game, The', 'Systems Administrator III', '10', 81, 34),
(729, 'Mystery Men', 'Administrative Assistant III', '18', 152, 168),
(730, 'Love Before Breakfast', 'Marketing Assistant', '87', 107, 168),
(731, 'Caught Inside', 'Analyst Programmer', '43', 42, 181),
(732, 'Smokers Only (Vagón Fumador)', 'Speech Pathologist', '24', 198, 79),
(733, 'I Am Cuba (Soy Cuba/Ya Kuba)', 'Biostatistician I', '75', 176, 144),
(734, 'Week-End at the Waldorf', 'General Manager', '40', 9, 11),
(735, 'Tonight and Every Night', 'Software Test Engineer I', '26', 72, 187),
(736, 'Phenomena (a.k.a. Creepers)', 'VP Marketing', '56', 91, 16),
(737, 'Madeleine', 'Assistant Manager', '66', 180, 96),
(738, 'Arizona Dream', 'Sales Associate', '15', 11, 105),
(739, 'Suzy', 'Financial Advisor', '36', 77, 133),
(740, 'South Central', 'Senior Sales Associate', '61', 99, 138),
(741, 'Last Resort', 'Mechanical Systems Engineer', '25', 189, 170),
(742, 'Westward Ho', 'Environmental Specialist', '81', 12, 52),
(743, 'Rails & Ties', 'Tax Accountant', '42', 54, 126),
(744, 'Autumn Sonata (Höstsonaten)', 'Executive Secretary', '20', 51, 165),
(745, 'Lisa', 'Database Administrator III', '48', 67, 90),
(746, 'Haunting of Molly Hartley, The', 'Structural Analysis Engineer', '58', 49, 139),
(747, 'Chapiteau-show (Shapito-shou)', 'Account Coordinator', '19', 109, 24),
(748, 'Mr. Freedom', 'Compensation Analyst', '42', 185, 132),
(749, 'A Pistol For Ringo', 'Graphic Designer', '32', 153, 155),
(750, 'Dreamland', 'Staff Accountant III', '85', 183, 41),
(751, 'Billy Two Hats (Lady and the Outlaw, The)', 'Staff Scientist', '30', 161, 139),
(752, 'House of the Spirits, The', 'Nurse Practicioner', '45', 133, 166),
(753, 'Stitch! The Movie', 'Research Nurse', '69', 119, 127);
INSERT INTO `commande` (`id_commande`, `libellé`, `caracteristique`, `quantité`, `id_client`, `id_produit`) VALUES
(754, 'Tillbaka till Bromma', 'Senior Financial Analyst', '40', 140, 18),
(755, 'Gentlemen Prefer Blondes', 'Cost Accountant', '9', 170, 159),
(756, 'I Saw the Sun (Günesi gördüm)', 'Compensation Analyst', '79', 7, 117),
(757, 'Alligator People, The', 'Tax Accountant', '40', 143, 46),
(758, 'Temptations, The', 'Research Nurse', '46', 139, 198),
(759, 'Sea Inside, The (Mar adentro)', 'Technical Writer', '91', 99, 45),
(760, 'Me and You and Everyone We Know', 'Project Manager', '25', 27, 43),
(761, 'Ride the Pink Horse', 'Senior Sales Associate', '92', 188, 195),
(762, 'Room for One More', 'Safety Technician I', '38', 63, 115),
(763, 'Flyboys', 'Internal Auditor', '40', 114, 79),
(764, 'Party Girl', 'Cost Accountant', '22', 134, 107),
(765, 'Blue Is the Warmest Color (La vie d\'Adèle)', 'Nuclear Power Engineer', '35', 162, 80),
(766, 'Six of a Kind', 'Nurse', '17', 112, 2),
(767, 'Luna Papa', 'Engineer III', '100', 76, 130),
(768, 'Paranormal Activity: The Marked Ones', 'Senior Developer', '47', 40, 20),
(769, 'Monster in the Closet', 'Nuclear Power Engineer', '43', 7, 41),
(770, 'Silence of the Lambs, The', 'Environmental Specialist', '69', 39, 62),
(771, 'Layer Cake', 'Teacher', '56', 98, 88),
(772, 'Trekkies', 'Analyst Programmer', '10', 83, 122),
(773, 'Smokey and the Bandit', 'Administrative Assistant IV', '10', 40, 122),
(774, 'It Felt Like a Kiss', 'Environmental Specialist', '13', 31, 127),
(775, 'Hindenburg, The', 'Financial Analyst', '88', 174, 149),
(776, 'Deciduous Tree (Tree Without Leaves) (Rakuyôju)', 'Occupational Therapist', '51', 192, 73),
(777, 'Under the Skin', 'Teacher', '47', 171, 191),
(778, 'Return of Martin Guerre, The (Retour de Martin Guerre, Le)', 'Automation Specialist I', '64', 17, 159),
(779, 'Pussy Riot: A Punk Prayer', 'Environmental Tech', '82', 200, 157),
(780, '5 Broken Cameras', 'Junior Executive', '32', 112, 106),
(781, 'To Gillian on Her 37th Birthday', 'Associate Professor', '42', 2, 34),
(782, 'Winterhawk', 'Staff Accountant II', '61', 101, 183),
(783, 'Wild Love', 'Project Manager', '81', 10, 158),
(784, 'Pat Garrett and Billy the Kid', 'Systems Administrator IV', '57', 74, 123),
(785, 'Bandidas', 'Structural Engineer', '70', 151, 62),
(786, 'Emperor\'s New Groove 2: Kronk\'s New Groove, The', 'Payment Adjustment Coordinator', '87', 19, 181),
(787, 'Anchors Aweigh', 'Speech Pathologist', '44', 119, 86),
(788, 'Tension', 'Associate Professor', '30', 172, 139),
(789, 'The Brides of Fu Manchu', 'Actuary', '54', 4, 40),
(790, 'Move (3 Zimmer/Küche/Bad)', 'Environmental Specialist', '95', 189, 46),
(791, 'Bert - Den siste oskulden', 'Systems Administrator II', '64', 137, 54),
(792, 'Major League', 'VP Sales', '68', 182, 193),
(793, 'Moonbase', 'Staff Scientist', '48', 8, 98),
(794, 'Runaway Jury', 'Junior Executive', '35', 96, 20),
(795, 'Claymation Comedy of Horrors', 'Senior Financial Analyst', '35', 186, 137),
(796, 'East-West (Est-ouest)', 'General Manager', '8', 183, 122),
(797, 'Stagecoach', 'Environmental Tech', '9', 86, 132),
(798, 'Kung Fu Dunk', 'Clinical Specialist', '29', 148, 52),
(799, 'Eat Sleep Die (Äta sova dö)', 'Desktop Support Technician', '9', 145, 116),
(800, 'Happy, Texas', 'Senior Sales Associate', '95', 184, 137),
(801, 'Killing Us Softly 3', 'Account Coordinator', '99', 65, 51),
(802, 'Body of Water (Syvälle salattu)', 'Quality Engineer', '43', 196, 147),
(803, 'Last Valley, The', 'Help Desk Operator', '58', 23, 14),
(804, 'Six Days Seven Nights', 'Engineer IV', '95', 80, 98),
(805, 'Crime Wave', 'Director of Sales', '92', 187, 85),
(806, 'Turin Horse, The (A Torinói ló)', 'Web Developer III', '13', 71, 43),
(807, 'Providence', 'Software Test Engineer II', '53', 44, 83),
(808, 'Wiz, The', 'Environmental Specialist', '34', 97, 56),
(809, 'Dr. Phibes Rises Again', 'Social Worker', '66', 18, 121),
(810, 'Cage aux Folles II, La', 'Payment Adjustment Coordinator', '15', 162, 103),
(811, 'Patrick', 'Assistant Media Planner', '26', 106, 54),
(812, 'Big Empty, The', 'Food Chemist', '25', 195, 51),
(813, 'Putney Swope', 'Administrative Officer', '48', 90, 167),
(814, 'Chapter Two', 'Assistant Manager', '98', 121, 99),
(815, 'Analyze This', 'Statistician IV', '80', 13, 14),
(816, 'Gerontophilia', 'Computer Systems Analyst II', '30', 62, 181),
(817, 'My Cousin Vinny', 'Recruiter', '44', 125, 163),
(818, 'Only Angels Have Wings', 'Web Developer II', '63', 170, 32),
(819, 'Last Witness, The', 'Financial Analyst', '79', 190, 77),
(820, 'Agent Vinod', 'Desktop Support Technician', '55', 77, 105),
(821, 'CrissCross', 'Marketing Assistant', '14', 6, 162),
(822, 'Late George Apley, The', 'VP Product Management', '24', 197, 151),
(823, '[REC] 4: Apocalypse', 'Automation Specialist II', '40', 193, 168),
(824, 'Queen of Spades, The', 'Nuclear Power Engineer', '72', 57, 161),
(825, 'The Fox & the Child', 'Director of Sales', '47', 19, 198),
(826, 'A Walk in the Old City of Warsaw', 'Senior Developer', '59', 21, 102),
(827, 'To Wong Foo, Thanks for Everything! Julie Newmar', 'Chemical Engineer', '36', 27, 32),
(828, 'Stage Fright (Deliria)', 'Tax Accountant', '32', 149, 9),
(829, 'Garage Olimpo', 'VP Product Management', '93', 6, 179),
(830, 'Nim\'s Island', 'Software Engineer II', '44', 132, 27),
(831, 'Naked Gun 2 1/2: The Smell of Fear, The', 'Accountant II', '70', 58, 100),
(832, 'Explorers', 'Editor', '36', 184, 54),
(833, 'Chocolat', 'Accountant I', '36', 21, 37),
(834, 'Just One of the Girls', 'Internal Auditor', '94', 50, 58),
(835, 'Hand of Peace: Pope Pius XII and the Holocaust, A', 'Graphic Designer', '59', 39, 167),
(836, 'Nothing But the Truth', 'Project Manager', '9', 145, 100),
(837, 'War, Inc.', 'Financial Advisor', '31', 124, 142),
(838, 'Jackpot', 'Registered Nurse', '94', 153, 200),
(839, 'Trojan War', 'Community Outreach Specialist', '57', 136, 57),
(840, 'Penitentiary II', 'Software Consultant', '14', 166, 145),
(841, 'Oscar', 'Dental Hygienist', '44', 113, 53),
(842, 'Homework', 'VP Accounting', '75', 46, 83),
(843, 'Breakfast Club, The', 'Research Nurse', '67', 161, 31),
(844, 'Kurt Cobain: Montage of Heck', 'Cost Accountant', '83', 129, 34),
(845, 'Shop Around the Corner, The', 'Structural Engineer', '65', 97, 143),
(846, 'Adventures of the Wilderness Family, The', 'Software Test Engineer II', '25', 101, 56),
(847, 'Vital', 'Administrative Officer', '90', 51, 49),
(848, 'Escape from Planet Earth', 'Marketing Manager', '35', 148, 72),
(849, 'Four Sons', 'Administrative Assistant III', '14', 64, 18),
(850, 'Micmacs (Micmacs à tire-larigot)', 'Systems Administrator I', '57', 171, 189),
(851, 'Saving Otter 501', 'Research Nurse', '73', 98, 162),
(852, 'Rainbow Valley', 'Nuclear Power Engineer', '21', 200, 10),
(853, 'Mummy\'s Tomb, The', 'Environmental Specialist', '72', 143, 11),
(854, 'Intohimon vallassa', 'Analyst Programmer', '35', 115, 80),
(855, 'Red Desert (Deserto rosso, Il)', 'Biostatistician I', '38', 41, 94),
(856, 'Every Stewardess Goes to Heaven (Todas las azafatas van al cielo)', 'Help Desk Technician', '82', 16, 129),
(857, 'Ten Little Indians (Ein Unbekannter rechnet ab) (And Then There Were None)', 'Junior Executive', '84', 135, 63),
(858, 'South, The (Lomalla)', 'Software Test Engineer II', '17', 40, 158),
(859, 'Dead Man Down', 'Geological Engineer', '13', 133, 77),
(860, 'Dead Man Walking', 'Speech Pathologist', '15', 9, 99),
(861, 'Jewel of the Nile, The', 'Human Resources Manager', '60', 193, 39),
(862, 'Jeopardy (a.k.a. A Woman in Jeopardy)', 'Web Designer III', '30', 147, 95),
(863, 'Patton Oswalt: Finest Hour', 'Nurse Practicioner', '72', 14, 110),
(864, 'Better Living', 'Help Desk Technician', '83', 188, 96),
(865, 'Big Shot: Confessions of a Campus Bookie', 'VP Product Management', '97', 184, 55),
(866, 'Man Who Loved Women, The (Homme qui aimait les femmes, L\')', 'Speech Pathologist', '71', 72, 99),
(867, 'I Live in Fear (Ikimono no kiroku)', 'Research Assistant III', '23', 28, 163),
(868, 'Cabinet of Caligari, The', 'Chief Design Engineer', '80', 182, 112),
(869, 'Act of Killing, The', 'Software Engineer I', '59', 17, 125),
(870, 'Texas Rangers', 'Systems Administrator IV', '94', 113, 100),
(871, 'DNA', 'Registered Nurse', '19', 24, 31),
(872, 'Remember the Night', 'Marketing Assistant', '98', 39, 96),
(873, 'My Best Fiend (Mein liebster Feind)', 'Account Representative II', '87', 151, 70),
(874, 'Great Silence, The (Grande silenzio, Il)', 'Human Resources Assistant IV', '53', 105, 118),
(875, 'Toy Story Toons: Small Fry', 'Information Systems Manager', '25', 158, 15),
(876, 'Blume in Love', 'Social Worker', '46', 93, 142),
(877, 'Simpsons Movie, The', 'Graphic Designer', '83', 114, 66),
(878, 'Rånarna', 'Environmental Tech', '73', 117, 185),
(879, 'Lies My Father Told Me', 'Staff Scientist', '57', 38, 30),
(880, 'Princesas', 'Technical Writer', '45', 45, 147),
(881, 'Thomas Crown Affair, The', 'Account Executive', '36', 166, 42),
(882, 'Puppet Master vs. Demonic Toys (Puppet Master 9)', 'Graphic Designer', '34', 179, 37),
(883, 'Swan Princess: Escape from Castle Mountain, The', 'Senior Quality Engineer', '39', 50, 13),
(884, 'Fanboys', 'Senior Editor', '38', 31, 116),
(885, 'Juha', 'Software Consultant', '53', 115, 9),
(886, 'Mighty Morphin Power Rangers: The Movie', 'Geologist IV', '39', 158, 164),
(887, 'Don\'t Eat the Pictures: Sesame Street at the Metropolitan Museum of Art', 'Safety Technician III', '81', 25, 34),
(888, 'Poultrygeist: Night of the Chicken Dead', 'Statistician I', '32', 80, 14),
(889, 'Son of the Mask', 'Executive Secretary', '47', 159, 89),
(890, 'Man on a Ledge', 'Web Developer II', '35', 185, 116),
(891, 'Battle in Heaven (Batalla en el cielo)', 'Cost Accountant', '9', 137, 19),
(892, 'Mall', 'Financial Advisor', '54', 32, 192),
(893, 'Land of the Blind', 'VP Product Management', '18', 88, 39),
(894, 'Crimson Kimono, The', 'Business Systems Development Analyst', '16', 54, 58),
(895, 'Cousin cousine', 'Mechanical Systems Engineer', '60', 93, 162),
(896, 'The Wild World of Lydia Lunch', 'Senior Quality Engineer', '94', 63, 94),
(897, 'Lady Be Good', 'Database Administrator III', '90', 150, 132),
(898, 'Rain People, The', 'Database Administrator I', '15', 69, 8),
(899, 'Thief', 'Web Designer III', '92', 74, 182),
(900, 'Some Girl', 'Cost Accountant', '35', 93, 178),
(901, 'Young Lions, The', 'Tax Accountant', '77', 98, 98),
(902, 'Dark Mirror', 'Account Representative III', '62', 65, 103),
(903, 'Dark House', 'Human Resources Assistant III', '63', 46, 139),
(904, 'Black Field', 'Operator', '73', 188, 2),
(905, 'Epic', 'Editor', '37', 2, 49),
(906, 'Truth in 24', 'Sales Representative', '20', 24, 175),
(907, 'Wings of Honneamise (Ôritsu uchûgun Oneamisu no tsubasa)', 'Engineer III', '45', 156, 120),
(908, 'Me and You and Everyone We Know', 'Staff Scientist', '11', 9, 176),
(909, 'Cinderella Story, A', 'Cost Accountant', '84', 5, 129),
(910, 'Company You Keep, The', 'Quality Control Specialist', '10', 95, 134),
(911, 'Hello Ladies: The Movie', 'Assistant Media Planner', '22', 60, 7),
(912, 'Beautiful Ohio', 'GIS Technical Architect', '78', 134, 14),
(913, 'This Gun for Hire', 'Senior Editor', '24', 146, 7),
(914, 'Operation Crossbow', 'Community Outreach Specialist', '47', 93, 20),
(915, 'Man with the Golden Gun, The', 'Health Coach III', '97', 158, 6),
(916, 'Gangster No. 1', 'Payment Adjustment Coordinator', '82', 80, 11),
(917, 'Jour se lève, Le (Daybreak)', 'Project Manager', '31', 183, 25),
(918, 'Private', 'Research Nurse', '12', 169, 65),
(919, 'Cold Storage', 'Systems Administrator IV', '29', 115, 133),
(920, 'Man Behind the Gun, The', 'Nurse Practicioner', '73', 141, 36),
(921, 'Man in the Middle', 'Software Engineer II', '46', 150, 43),
(922, 'Blazing Guns', 'Internal Auditor', '75', 76, 188),
(923, 'Ward, The', 'Pharmacist', '92', 33, 79),
(924, 'Born to Raise Hell', 'Nurse', '26', 139, 135),
(925, 'Bionicle: Mask of Light (Bionicle: Mask of Light - The Movie)', 'Research Nurse', '34', 38, 168),
(926, '180° South (180 Degrees South) (180° South: Conquerors of the Useless)', 'Programmer Analyst I', '80', 152, 129),
(927, 'Humble Pie (American Fork)', 'Assistant Professor', '58', 53, 23),
(928, 'Blue City', 'Executive Secretary', '56', 196, 160),
(929, 'H.M. Pulham, Esq.', 'General Manager', '67', 109, 141),
(930, 'Fort McCoy', 'Information Systems Manager', '50', 11, 55),
(931, 'Night at the Roxbury, A', 'Programmer Analyst II', '50', 21, 21),
(932, 'Just Like a Woman', 'VP Sales', '21', 93, 15),
(933, 'Church, The (Chiesa, La)', 'Business Systems Development Analyst', '61', 108, 37),
(934, 'Moonshot', 'Recruiter', '52', 38, 88),
(935, 'Mr. Robinson Crusoe', 'Pharmacist', '47', 6, 125),
(936, 'Chasing Mavericks', 'Executive Secretary', '7', 77, 61),
(937, 'King Kelly', 'Human Resources Manager', '74', 24, 126),
(938, 'Friday the 13th', 'Tax Accountant', '79', 59, 84),
(939, 'Brewster\'s Millions', 'VP Marketing', '26', 46, 81),
(940, 'Death Defying Acts', 'Operator', '26', 30, 28),
(941, 'White Diamond, The', 'Payment Adjustment Coordinator', '37', 153, 51),
(942, 'Birds, The', 'Programmer III', '96', 59, 68),
(943, 'Last Orders', 'Administrative Assistant II', '10', 19, 47),
(944, 'G.B.F.', 'VP Marketing', '93', 67, 30),
(945, 'Poetical Refugee', 'VP Sales', '73', 54, 193),
(946, 'Wrong Man, The', 'Librarian', '27', 40, 76),
(947, 'White Darkness, The', 'Accounting Assistant II', '77', 56, 125),
(948, 'Blade: Trinity', 'Occupational Therapist', '36', 16, 28),
(949, 'Gamer', 'Web Developer III', '93', 14, 15),
(950, 'Forgotten', 'Teacher', '24', 128, 9),
(951, 'Casual Sex?', 'VP Marketing', '97', 64, 167),
(952, 'I Shot Andy Warhol', 'VP Quality Control', '93', 141, 181),
(953, 'Nob Hill', 'Speech Pathologist', '65', 70, 175),
(954, 'Event, The', 'Professor', '53', 197, 167),
(955, 'Phineas and Ferb the Movie: Across the 2nd Dimension', 'Programmer Analyst IV', '96', 141, 102),
(956, 'Take a Girl Like You', 'Senior Sales Associate', '13', 90, 88),
(957, 'Pirates of the Caribbean: On Stranger Tides', 'Research Nurse', '59', 159, 139),
(958, 'Humoresque', 'Senior Cost Accountant', '94', 43, 99),
(959, 'Giants and Toys (Kyojin to gangu)', 'Internal Auditor', '100', 128, 9),
(960, 'Cry Baby Lane', 'Social Worker', '12', 168, 121),
(961, 'Okie Noodling', 'Senior Cost Accountant', '89', 72, 89),
(962, 'Nightcrawler', 'Help Desk Operator', '11', 156, 62),
(963, 'Shun Li and the Poet', 'Staff Scientist', '27', 155, 80),
(964, 'City of Pirates (La ville des pirates) ', 'Editor', '69', 177, 80),
(965, 'Burrowers, The', 'Speech Pathologist', '12', 84, 58),
(966, 'African Cats', 'Software Test Engineer I', '36', 124, 111),
(967, 'Lili Marleen', 'Research Nurse', '83', 33, 18),
(968, 'Deadtime Stories', 'Senior Sales Associate', '21', 75, 143),
(969, 'Mistress', 'Programmer Analyst III', '65', 99, 166),
(970, 'My Sweet Pepper Land', 'Community Outreach Specialist', '14', 106, 86),
(971, 'Kino-Eye (Kinoglaz)', 'General Manager', '9', 56, 49),
(972, 'The Gunman', 'Software Test Engineer IV', '30', 178, 38),
(973, 'My Brilliant Career', 'Office Assistant I', '30', 143, 197),
(974, 'Bad Country', 'Account Executive', '60', 96, 104),
(975, 'Benji the Hunted', 'Operator', '52', 152, 192),
(976, 'Fiddle-de-dee', 'Account Representative I', '94', 74, 123),
(977, 'Game of Death II (a.k.a. Tower of Death) (Si wang ta)', 'Sales Associate', '65', 19, 33),
(978, 'Giger\'s Necronomicon', 'Web Developer III', '38', 49, 59),
(979, 'Jerry Seinfeld: \'I\'m Telling You for the Last Time\'', 'Technical Writer', '99', 98, 29),
(980, 'Pill, The', 'Compensation Analyst', '38', 71, 169),
(981, '2012', 'VP Accounting', '59', 41, 131),
(982, 'Ashes of Time (Dung che sai duk)', 'Assistant Manager', '14', 69, 32),
(983, 'Golden Boys, The', 'Programmer Analyst III', '13', 124, 89),
(984, 'Blue Steel', 'Food Chemist', '84', 24, 46),
(985, 'Celtic Pride', 'Sales Representative', '86', 82, 145),
(986, 'Punisher, The', 'Mechanical Systems Engineer', '75', 74, 156),
(987, 'Whole Ten Yards, The', 'Account Coordinator', '70', 161, 92),
(988, 'Among Giants', 'VP Product Management', '45', 113, 163),
(989, 'Mutant Chronicles', 'Automation Specialist III', '5', 123, 34),
(990, 'Clifford\'s Really Big Movie', 'Assistant Professor', '67', 31, 27),
(991, 'Catwalk', 'Nurse', '25', 169, 2),
(992, 'Thank You, Jeeves!', 'Marketing Manager', '74', 192, 148),
(993, 'Conception', 'Sales Representative', '55', 37, 11),
(994, 'Belle toujours', 'Accountant I', '45', 138, 63),
(995, 'Don Quixote (Don Quijote de Orson Welles)', 'Help Desk Technician', '25', 11, 10),
(996, 'Promised Land (Ziemia Obiecana)', 'Chief Design Engineer', '25', 167, 84),
(997, '1000 Eyes of Dr. Mabuse, The (Die 1000 Augen des Dr. Mabuse)', 'Paralegal', '60', 20, 58),
(998, 'Girl with a Pearl Earring', 'Biostatistician IV', '36', 45, 188),
(999, 'Revisionaries, The', 'Junior Executive', '70', 128, 42),
(1000, 'Terrace, The (Terrazza, La)', 'Teacher', '53', 81, 101);

-- --------------------------------------------------------

--
-- Structure de la table `gerant`
--

CREATE TABLE `gerant` (
  `id_gerant` int UNSIGNED NOT NULL,
  `nom` varchar(45) NOT NULL,
  `contact` varchar(20) NOT NULL
) ENGINE=InnoDB DEFAULT CHARSET=utf8mb4 COLLATE=utf8mb4_0900_ai_ci;

--
-- Déchargement des données de la table `gerant`
--

INSERT INTO `gerant` (`id_gerant`, `nom`, `contact`) VALUES
(1, 'Winslow', '6666000'),
(2, 'Marijn', '6666001'),
(3, 'Mariele', '6666002'),
(4, 'Teena', '6666003'),
(5, 'Gilburt', '6666004'),
(6, 'Janaye', '6666005'),
(7, 'Nolan', '6666006'),
(8, 'Clotilda', '6666007'),
(9, 'Steve', '6666008'),
(10, 'Winslow', '6666009'),
(11, 'Mufi', '6666010'),
(12, 'Jacqueline', '6666011'),
(13, 'Peder', '6666012'),
(14, 'Emmaline', '6666013'),
(15, 'Sky', '6666014'),
(16, 'Hugh', '6666015'),
(17, 'Sara-ann', '6666016'),
(18, 'Gerri', '6666017'),
(19, 'Hamil', '6666018'),
(20, 'Maurizio', '6666019'),
(21, 'Aigneis', '6666020'),
(22, 'Dusty', '6666021'),
(23, 'Flori', '6666022'),
(24, 'Archibald', '6666023'),
(25, 'Basilius', '6666024'),
(26, 'Lazare', '6666025'),
(27, 'Kandace', '6666026'),
(28, 'Jami', '6666027'),
(29, 'Ola', '6666028'),
(30, 'Hester', '6666029'),
(31, 'Cybill', '6666030'),
(32, 'Davina', '6666031'),
(33, 'Trevor', '6666032'),
(34, 'Dante', '6666033'),
(35, 'Elena', '6666034'),
(36, 'Jessee', '6666035'),
(37, 'Marybelle', '6666036'),
(38, 'Farley', '6666037'),
(39, 'Elka', '6666038'),
(40, 'Ellswerth', '6666039'),
(41, 'Micky', '6666040'),
(42, 'Kristin', '6666041'),
(43, 'Evered', '6666042'),
(44, 'Lanny', '6666043'),
(45, 'Lydie', '6666044'),
(46, 'Emylee', '6666045'),
(47, 'Gwynne', '6666046'),
(48, 'Ingmar', '6666047'),
(49, 'Yulma', '6666048'),
(50, 'Kimble', '6666049'),
(51, 'Janina', '6666050'),
(52, 'Miguel', '6666051'),
(53, 'Alejoa', '6666052'),
(54, 'Saundra', '6666053'),
(55, 'Millard', '6666054'),
(56, 'Gail', '6666055'),
(57, 'Dimitry', '6666056'),
(58, 'Corette', '6666057'),
(59, 'Graeme', '6666058'),
(60, 'Gussie', '6666059'),
(61, 'Suzie', '6666060'),
(62, 'Myranda', '6666061'),
(63, 'Virgie', '6666062'),
(64, 'Davey', '6666063'),
(65, 'Hector', '6666064'),
(66, 'Tynan', '6666065'),
(67, 'Wright', '6666066'),
(68, 'Welby', '6666067'),
(69, 'Dore', '6666068'),
(70, 'Nolie', '6666069'),
(71, 'Bobbe', '6666070'),
(72, 'Rutter', '6666071'),
(73, 'Violette', '6666072'),
(74, 'Dorree', '6666073'),
(75, 'Carmencita', '6666074'),
(76, 'Merell', '6666075'),
(77, 'Tiffani', '6666076'),
(78, 'Ford', '6666077'),
(79, 'Corie', '6666078'),
(80, 'Jed', '6666079'),
(81, 'Jerrome', '6666080'),
(82, 'Arleyne', '6666081'),
(83, 'Danna', '6666082'),
(84, 'D\'arcy', '6666083'),
(85, 'Michelina', '6666084'),
(86, 'Bevin', '6666085'),
(87, 'Kenyon', '6666086'),
(88, 'Laney', '6666087'),
(89, 'Coralyn', '6666088'),
(90, 'Peri', '6666089'),
(91, 'Nicolais', '6666090'),
(92, 'Juieta', '6666091'),
(93, 'Merle', '6666092'),
(94, 'Dorene', '6666093'),
(95, 'Christie', '6666094'),
(96, 'Alan', '6666095'),
(97, 'Ev', '6666096'),
(98, 'Northrup', '6666097'),
(99, 'Sharia', '6666098'),
(100, 'Klarrisa', '6666099'),
(101, 'Eden', '6666100'),
(102, 'Leslie', '6666101'),
(103, 'Matty', '6666102'),
(104, 'Linet', '6666103'),
(105, 'Eve', '6666104'),
(106, 'Barbe', '6666105'),
(107, 'Regen', '6666106'),
(108, 'Wheeler', '6666107'),
(109, 'Sofia', '6666108'),
(110, 'Lizzy', '6666109'),
(111, 'Yehudi', '6666110'),
(112, 'Ania', '6666111'),
(113, 'Brodie', '6666112'),
(114, 'Esmaria', '6666113'),
(115, 'Trefor', '6666114'),
(116, 'Thoma', '6666115'),
(117, 'Taffy', '6666116'),
(118, 'Janeva', '6666117'),
(119, 'Kippie', '6666118'),
(120, 'Felecia', '6666119'),
(121, 'Granny', '6666120'),
(122, 'Early', '6666121'),
(123, 'Kiley', '6666122'),
(124, 'Ambur', '6666123'),
(125, 'Lesly', '6666124'),
(126, 'Becky', '6666125'),
(127, 'Jazmin', '6666126'),
(128, 'Staci', '6666127'),
(129, 'Ellissa', '6666128'),
(130, 'Josephine', '6666129'),
(131, 'Clive', '6666130'),
(132, 'Valeria', '6666131'),
(133, 'Dannye', '6666132'),
(134, 'Misty', '6666133'),
(135, 'Gail', '6666134'),
(136, 'Alanna', '6666135'),
(137, 'Elbertine', '6666136'),
(138, 'Luise', '6666137'),
(139, 'Marylinda', '6666138'),
(140, 'Filippo', '6666139'),
(141, 'Ally', '6666140'),
(142, 'Jareb', '6666141'),
(143, 'Welch', '6666142'),
(144, 'Alana', '6666143'),
(145, 'Sofia', '6666144'),
(146, 'Patsy', '6666145'),
(147, 'Corliss', '6666146'),
(148, 'Tomas', '6666147'),
(149, 'Meagan', '6666148'),
(150, 'Chelsae', '6666149'),
(151, 'Julissa', '6666150'),
(152, 'Britta', '6666151'),
(153, 'Finley', '6666152'),
(154, 'Anita', '6666153'),
(155, 'Zsa zsa', '6666154'),
(156, 'Loni', '6666155'),
(157, 'Vinnie', '6666156'),
(158, 'Andreas', '6666157'),
(159, 'Sharleen', '6666158'),
(160, 'Delbert', '6666159'),
(161, 'Demeter', '6666160'),
(162, 'Devin', '6666161'),
(163, 'Noemi', '6666162'),
(164, 'Cole', '6666163'),
(165, 'Ron', '6666164'),
(166, 'Merlina', '6666165'),
(167, 'Weidar', '6666166'),
(168, 'Frasier', '6666167'),
(169, 'Blisse', '6666168'),
(170, 'Sibyl', '6666169'),
(171, 'Adore', '6666170'),
(172, 'Cindie', '6666171'),
(173, 'Eric', '6666172'),
(174, 'Emylee', '6666173'),
(175, 'Zola', '6666174'),
(176, 'Florry', '6666175'),
(177, 'Luca', '6666176'),
(178, 'Gradeigh', '6666177'),
(179, 'Vale', '6666178'),
(180, 'Phillie', '6666179'),
(181, 'Bald', '6666180'),
(182, 'Ezechiel', '6666181'),
(183, 'Galina', '6666182'),
(184, 'Crissy', '6666183'),
(185, 'Merrili', '6666184'),
(186, 'Kaycee', '6666185'),
(187, 'Fernande', '6666186'),
(188, 'Averil', '6666187'),
(189, 'Jaynell', '6666188'),
(190, 'Justus', '6666189'),
(191, 'Lu', '6666190'),
(192, 'Glenda', '6666191'),
(193, 'Maury', '6666192'),
(194, 'Bernie', '6666193'),
(195, 'Korry', '6666194'),
(196, 'Boyce', '6666195'),
(197, 'Herve', '6666196'),
(198, 'Fernande', '6666197'),
(199, 'Bing', '6666198'),
(200, 'Wylie', '6666199');

-- --------------------------------------------------------

--
-- Structure de la table `produit`
--

CREATE TABLE `produit` (
  `id_produit` int UNSIGNED NOT NULL,
  `nom` varchar(45) NOT NULL,
  `caracteristique` text,
  `prix` varchar(45) NOT NULL
) ENGINE=InnoDB DEFAULT CHARSET=utf8mb4 COLLATE=utf8mb4_0900_ai_ci;

--
-- Déchargement des données de la table `produit`
--

INSERT INTO `produit` (`id_produit`, `nom`, `caracteristique`, `prix`) VALUES
(1, 'Mayonnaise', 'Little Western Bittercress', '1000'),
(2, 'Mayonnaise', 'Anogeissus', '1000'),
(3, 'Mayonnaise', 'Grama', '1000'),
(4, 'Mayonnaise', 'Elmleaf Goldenrod', '1000'),
(5, 'Mayonnaise', 'Polytrichastrum Moss', '1000'),
(6, 'Mayonnaise', 'Upland Beardtongue', '1000'),
(7, 'Mayonnaise', 'Phipps\' Hawthorn', '1000'),
(8, 'Mayonnaise', 'Leafy Pea', '1000'),
(9, 'Mayonnaise', 'Burrobrush', '1000'),
(10, 'Mayonnaise', 'Revolute Hypnum Moss', '1000'),
(11, 'Macedoine', 'Pacific Lupine', '1000'),
(12, 'Halsy', 'Snakeherb', '1000'),
(13, 'Sylvan', 'Laurel Oak', '1000'),
(14, 'Sergei', 'Lanceleaf Blanketflower', '1000'),
(15, 'Dido', 'Hygrohypnum Moss', '1000'),
(16, 'Nicola', 'Roving Sailor', '1000'),
(17, 'Sharla', 'Myrinia Moss', '1000'),
(18, 'Briney', 'Creeping Bluestar', '1000'),
(19, 'Andeee', 'Red Milkweed', '1000'),
(20, 'Pauletta', 'Heermann\'s Bird\'s-foot Trefoil', '1000'),
(21, 'Nicolle', 'Modoc Frasera', '1000'),
(22, 'Tammie', 'Sewer Vine', '1000'),
(23, 'Carma', 'Little Rose', '1000'),
(24, 'Marsha', 'Tonglet\'s Cracked Lichen', '1000'),
(25, 'Fromage', 'Yerba De Zanja', '2000'),
(26, 'Vivi', 'Diamond-flowers', '2000'),
(27, 'Eolande', 'Ceylon Gooseberry', '2000'),
(28, 'Gael', 'Forked Nightshade', '2000'),
(29, 'Jilly', 'Coastal Plain Spikerush', '2000'),
(30, 'Jule', 'Avens', '2000'),
(31, 'Waiter', 'Roundseed Panicgrass', '2000'),
(32, 'Carilyn', 'Pincushion Beardtongue', '2000'),
(33, 'Isidoro', 'Burdock Clover', '2000'),
(34, 'Lianna', 'Jointed Sandmat', '2000'),
(35, 'Selie', 'Bog Willow', '2000'),
(36, 'Quintilla', 'Aesandra', '2000'),
(37, 'Kial', 'Leafy Bladderwort', '2000'),
(38, 'Claudina', 'Rinodina Lichen', '2000'),
(39, 'Arlin', 'Greater Showy Stickseed', '2000'),
(40, 'Kalil', 'Bighead Pygmycudweed', '2000'),
(41, 'Babara', 'Big Blue Birch', '2000'),
(42, 'Laurice', 'Erectstem Saltbush', '2000'),
(43, 'Inigo', 'Twistspine Pricklypear', '2000'),
(44, 'Conn', 'Ballhead Sandwort', '2000'),
(45, 'Frederique', 'Dwarfdandelion', '2000'),
(46, 'Thorin', 'Iris', '2000'),
(47, 'Arte', 'Downy Alpine Oatgrass', '2000'),
(48, 'Candi', 'Beard Lichen', '2000'),
(49, 'Dion', 'Fuller\'s Teasel', '2000'),
(50, 'Waldon', 'Climbing Fern', '2000'),
(51, 'Gunther', 'Hollyleaf Gilia', '2000'),
(52, 'Rana', 'Hybrid Elm', '2000'),
(53, 'Carlynn', 'Chaparral Pea', '2000'),
(54, 'Ammamaria', 'Oahu False Ohelo', '2000'),
(55, 'Yankee', 'Spreading Fanpetals', '2000'),
(56, 'Odele', 'Littleleaf Silverback', '2000'),
(57, 'Torie', 'Chinle Saltbush', '2000'),
(58, 'Gib', 'Wart Lichen', '2000'),
(59, 'Alphonse', 'Eastwood\'s Bluebells', '2000'),
(60, 'Selma', 'Winged Sumac', '2000'),
(61, 'Kore', 'Thurber\'s Fescue', '2000'),
(62, 'Spence', 'Newberry\'s Twinpod', '2000'),
(63, 'Vera', 'Pearl Millet', '2000'),
(64, 'Georgette', 'Creeping St. Johnswort', '2000'),
(65, 'Hyacinthe', 'Brownbeard Rice', '2000'),
(66, 'Rosa', 'Eastwood\'s Manzanita', '2000'),
(67, 'Garner', 'Looseflower Alpine Sedge', '2000'),
(68, 'Wallace', 'Finestem Needlegrass', '2000'),
(69, 'Lorenza', 'Hairy Mountain Mahogany', '2000'),
(70, 'Dolph', 'Dwarf False Pennyroyal', '2000'),
(71, 'Clarine', 'Blister Sedge', '2000'),
(72, 'Obidiah', 'Snake River Cryptantha', '2000'),
(73, 'Carrol', 'Balsam Bird\'s-foot Trefoil', '2000'),
(74, 'Maggee', 'Lamp Rush', '2000'),
(75, 'Obie', 'Parish\'s Onion', '2000'),
(76, 'Richie', 'Dissected Beardtongue', '2000'),
(77, 'Jacqueline', 'Wreath Lichen', '2000'),
(78, 'Kirsti', 'California Eryngo', '2000'),
(79, 'Cynthie', 'Buckbrush', '2000'),
(80, 'Cobby', 'Pricklypear', '2000'),
(81, 'Marcelia', 'Hybrid Oak', '2000'),
(82, 'Nap', 'Erythrina', '2000'),
(83, 'Marve', 'Amur Maple', '2000'),
(84, 'Del', 'Peters\' Blackthread Lichen', '2000'),
(85, 'Willa', 'Entireleaf Spiritweed', '2000'),
(86, 'Kleon', 'Slenderleaf Clammyweed', '2000'),
(87, 'Barry', 'Broomstick', '2000'),
(88, 'Blancha', 'Largepod Pinweed', '2000'),
(89, 'Nerta', 'Barrens Silky Aster', '2000'),
(90, 'Lindy', 'Distichium Moss', '2000'),
(91, 'Gris', 'Lecidea Lichen', '2000'),
(92, 'Tabbitha', 'Sensitive Partridge Pea', '2000'),
(93, 'Adrian', 'Desertparsley', '2000'),
(94, 'Lannie', 'Wonder Violet', '2000'),
(95, 'Miner', 'Hybrid Oak', '2000'),
(96, 'Annie', 'Billbergia', '2000'),
(97, 'Bale', 'Shoestring Fern', '2000'),
(98, 'Sibley', 'Wright\'s Rosette Grass', '2000'),
(99, 'Bev', 'Woolly Groundsel', '2000'),
(100, 'My', 'Capillary Hairsedge', '2000'),
(101, 'Shelby', 'Miquel\'s Mazus', '2000'),
(102, 'Maurine', 'Piratebush', '2000'),
(103, 'Evelyn', 'Western Mountain Kittentails', '2000'),
(104, 'Vilma', 'Arrowleaf Violet', '2000'),
(105, 'Betta', 'Nettlespurge', '2000'),
(106, 'Missy', 'Woolly Angelica', '2000'),
(107, 'Elwyn', 'Green Caskfruit', '2000'),
(108, 'Kristen', 'Alpine Dustymaiden', '2000'),
(109, 'Allyce', 'New Wyoming Xanthoparmelia Lichen', '2000'),
(110, 'Agna', 'Beruquillo', '2000'),
(111, 'Ondrea', 'Lemon', '2000'),
(112, 'Roseline', 'Chinalaurel', '2000'),
(113, 'Davita', 'Orthotrichum Moss', '2000'),
(114, 'Ursala', 'Horseflesh Mahogany', '2000'),
(115, 'Stacia', 'Purple Spikerush', '2000'),
(116, 'Bunnie', 'Common Twinpod', '2000'),
(117, 'Jarret', 'Pochote', '2000'),
(118, 'Madeline', 'Oriental Poppy', '2000'),
(119, 'Dorey', 'Myelochroa Lichen', '2000'),
(120, 'Riley', 'Heller\'s Plantain', '2000'),
(121, 'Cindee', 'Cypselea', '2000'),
(122, 'Lorianna', 'Green Arrow Arum', '2000'),
(123, 'Claiborne', 'Shrubby Deervetch', '2000'),
(124, 'Trueman', 'Purpleflowering Raspberry', '2000'),
(125, 'Vita', 'Mauna Kea Phyllostegia', '2000'),
(126, 'Aldwin', 'Venidium', '2000'),
(127, 'Hillard', 'Traveler\'s Tree', '2000'),
(128, 'Rich', 'Manna Wattle', '2000'),
(129, 'Aleta', 'Antilles Dwarf Polypody', '2000'),
(130, 'Kelly', 'Visher\'s Buckwheat', '2000'),
(131, 'Prinz', 'Woolgrass', '2000'),
(132, 'Dallis', 'Asian Melastome', '2000'),
(133, 'Becka', 'Rocky Mountain Bluebells', '2000'),
(134, 'Upton', 'Kauai Wormwood', '2000'),
(135, 'Roseanna', 'Porpidia Lichen', '2000'),
(136, 'Anissa', 'Rock Lupine', '2000'),
(137, 'Piotr', 'Wild Leadwort', '2000'),
(138, 'Tabby', 'Clustered Green Gentian', '2000'),
(139, 'Mayer', 'Pinto Beardtongue', '2000'),
(140, 'Layne', 'Bolander\'s Woodreed', '2000'),
(141, 'Rubie', 'Southern Marsh Yellowcress', '2000'),
(142, 'Care', 'Suckling Clover', '2000'),
(143, 'Freddie', 'Heartleaf Goldeneye', '2000'),
(144, 'Evy', 'Mexican Cancer-root', '2000'),
(145, 'Lynne', 'Spreading Sandwort', '2000'),
(146, 'Sargent', 'Nevada Gilia', '2000'),
(147, 'Haroun', 'Pappose Tarweed', '2000'),
(148, 'Valentia', 'Mountain Pepperweed', '2000'),
(149, 'Deonne', 'Ocote Chino', '2000'),
(150, 'Ariel', 'Quebec Sedge', '2000'),
(151, 'Clayson', 'Donrichard Moss', '2000'),
(152, 'Rafaellle', 'Thelenella Lichen', '2000'),
(153, 'Demetra', 'Pineland Silkgrass', '2000'),
(154, 'Britteny', 'Greene\'s Goldenbush', '2000'),
(155, 'Sterne', 'Desert Ceanothus', '2000'),
(156, 'Norby', 'Carolina Lily', '2000'),
(157, 'Maye', 'Bear Oak', '2000'),
(158, 'Meyer', 'Mexican Dock', '2000'),
(159, 'Dag', 'Birch', '2000'),
(160, 'Zola', 'Dotted Lichen', '2000'),
(161, 'Miran', 'Wildrye', '2000'),
(162, 'Cass', 'Scribbly Gum', '2000'),
(163, 'Juliette', 'Texas Plains Indian Breadroot', '2000'),
(164, 'Sherman', 'Spiral Pondweed', '2000'),
(165, 'Randi', 'Clermontia', '2000'),
(166, 'Gan', 'Eustis Lake Beardtongue', '2000'),
(167, 'Gusti', 'Wisconsin Rim Lichen', '2000'),
(168, 'Gianina', 'Gooseberryleaf Alumroot', '2000'),
(169, 'Rennie', 'Hawai\'i Cheesewood', '2000'),
(170, 'Decca', 'Barbula Moss', '2000'),
(171, 'Nils', 'Singlehead Pussytoes', '2000'),
(172, 'Shaine', 'Hasse\'s Thelocarpon Lichen', '2000'),
(173, 'Hillie', 'Curly Dock', '2000'),
(174, 'Benji', 'Dimpled Troutlily', '2000'),
(175, 'Beaufort', 'Skunk Cabbage', '2000'),
(176, 'Nalani', 'Great Basin Desertparsley', '2000'),
(177, 'Claudia', 'Texasplume', '2000'),
(178, 'Helli', 'Purplemat', '2000'),
(179, 'Marc', 'Forked Hareleaf', '2000'),
(180, 'Nell', 'Soot Lichen', '2000'),
(181, 'Ange', 'Coneflower', '2000'),
(182, 'Modesta', 'Silveus\' Grass', '2000'),
(183, 'Baxy', 'Haplopappus', '2000'),
(184, 'Idalina', 'Woolly Goat Chicory', '2000'),
(185, 'Miquela', 'Weak Saxifrage', '2000'),
(186, 'Linn', 'Bluewings', '2000'),
(187, 'Gwendolin', 'Wax Currant', '2000'),
(188, 'Carlene', 'Sugar Quillwort', '2000'),
(189, 'Man', 'Arrow Thelypody', '2000'),
(190, 'Port', 'Madagascar Crabgrass', '2000'),
(191, 'Agustin', 'Golden Spiderflower', '2000'),
(192, 'Taryn', 'Suksdorf\'s Monkeyflower', '2000'),
(193, 'Cori', 'Waxflower', '2000'),
(194, 'Harriot', 'Smallflower Blueberry', '2000'),
(195, 'Sigrid', 'Chapman\'s Milkwort', '2000'),
(196, 'Shane', 'Hourglass Peaseed', '2000'),
(197, 'Tobye', 'Lehua', '2000'),
(198, 'Kettie', 'Stiffleaf Cheesewood', '2000'),
(199, 'Trudi', 'Nealley\'s Woollygrass', '2000'),
(200, 'Leonard', 'Three Peaks Jewelflower', '2000');

--
-- Index pour les tables déchargées
--

--
-- Index pour la table `client`
--
ALTER TABLE `client`
  ADD PRIMARY KEY (`id_client`);

--
-- Index pour la table `commande`
--
ALTER TABLE `commande`
  ADD PRIMARY KEY (`id_commande`),
  ADD KEY `id` (`id_commande`,`id_client`),
  ADD KEY `tbl_commande` (`id_commande`),
  ADD KEY `tbl_command` (`id_client`),
  ADD KEY `tbl_produit` (`id_produit`);

--
-- Index pour la table `gerant`
--
ALTER TABLE `gerant`
  ADD PRIMARY KEY (`id_gerant`),
  ADD UNIQUE KEY `id_panier_UNIQUE` (`id_gerant`);

--
-- Index pour la table `produit`
--
ALTER TABLE `produit`
  ADD PRIMARY KEY (`id_produit`),
  ADD UNIQUE KEY `id_client_UNIQUE` (`id_produit`);

--
-- AUTO_INCREMENT pour les tables déchargées
--

--
-- AUTO_INCREMENT pour la table `client`
--
ALTER TABLE `client`
  MODIFY `id_client` int UNSIGNED NOT NULL AUTO_INCREMENT, AUTO_INCREMENT=201;

--
-- AUTO_INCREMENT pour la table `commande`
--
ALTER TABLE `commande`
  MODIFY `id_commande` int UNSIGNED NOT NULL AUTO_INCREMENT, AUTO_INCREMENT=1001;

--
-- AUTO_INCREMENT pour la table `gerant`
--
ALTER TABLE `gerant`
  MODIFY `id_gerant` int UNSIGNED NOT NULL AUTO_INCREMENT, AUTO_INCREMENT=201;

--
-- AUTO_INCREMENT pour la table `produit`
--
ALTER TABLE `produit`
  MODIFY `id_produit` int UNSIGNED NOT NULL AUTO_INCREMENT, AUTO_INCREMENT=201;

--
-- Contraintes pour les tables déchargées
--

--
-- Contraintes pour la table `commande`
--
ALTER TABLE `commande`
  ADD CONSTRAINT `tbl_command` FOREIGN KEY (`id_client`) REFERENCES `client` (`id_client`) ON DELETE CASCADE ON UPDATE CASCADE,
  ADD CONSTRAINT `tbl_produit` FOREIGN KEY (`id_produit`) REFERENCES `produit` (`id_produit`) ON DELETE CASCADE ON UPDATE CASCADE;
COMMIT;

/*!40101 SET CHARACTER_SET_CLIENT=@OLD_CHARACTER_SET_CLIENT */;
/*!40101 SET CHARACTER_SET_RESULTS=@OLD_CHARACTER_SET_RESULTS */;
/*!40101 SET COLLATION_CONNECTION=@OLD_COLLATION_CONNECTION */;
